"10:20:45.122 -> Soil: 83.0% | Temp: 31.3°C | Hum: 74.5%"
"10:20:50.152 -> Soil: 83.0% | Temp: 31.3°C | Hum: 74.4%"
"10:20:55.131 -> Soil: 83.0% | Temp: 31.3°C | Hum: 74.4%"
"10:21:00.130 -> Soil: 83.0% | Temp: 31.3°C | Hum: 74.3%"
"10:21:05.148 -> Soil: 83.0% | Temp: 31.3°C | Hum: 74.1%"
"10:21:10.123 -> Soil: 83.0% | Temp: 31.2°C | Hum: 74.3%"
"10:21:15.136 -> Soil: 83.0% | Temp: 31.3°C | Hum: 74.3%"
"10:21:20.116 -> Soil: 83.0% | Temp: 31.3°C | Hum: 74.1%"
"10:21:25.143 -> Soil: 83.0% | Temp: 31.3°C | Hum: 74.4%"
"10:21:30.131 -> Soil: 83.0% | Temp: 31.3°C | Hum: 74.4%"
"10:21:35.143 -> Soil: 83.0% | Temp: 31.2°C | Hum: 74.4%"
"10:21:40.159 -> Soil: 83.0% | Temp: 31.3°C | Hum: 74.5%"
"10:21:45.145 -> Soil: 83.0% | Temp: 31.3°C | Hum: 74.6%"
"10:21:50.138 -> Soil: 83.0% | Temp: 31.3°C | Hum: 74.7%"
"10:21:55.118 -> Soil: 83.0% | Temp: 31.3°C | Hum: 74.8%"
"10:22:00.114 -> Soil: 83.0% | Temp: 31.3°C | Hum: 74.3%"
"10:22:05.122 -> Soil: 83.0% | Temp: 31.3°C | Hum: 74.4%"
"10:22:10.124 -> Soil: 83.0% | Temp: 31.3°C | Hum: 74.3%"
"10:22:15.123 -> Soil: 83.0% | Temp: 31.3°C | Hum: 74.3%"
"10:22:20.146 -> Soil: 83.0% | Temp: 31.3°C | Hum: 74.1%"
"10:22:25.133 -> Soil: 83.0% | Temp: 31.3°C | Hum: 74.2%"
"10:22:30.138 -> Soil: 83.0% | Temp: 31.3°C | Hum: 74.0%"
"10:22:35.125 -> Soil: 83.0% | Temp: 31.3°C | Hum: 74.1%"
"10:22:40.136 -> Soil: 83.0% | Temp: 31.2°C | Hum: 74.0%"
"10:22:45.133 -> Soil: 83.0% | Temp: 31.3°C | Hum: 73.9%"
"10:22:50.113 -> Soil: 83.0% | Temp: 31.3°C | Hum: 73.8%"
"10:22:55.143 -> Soil: 84.0% | Temp: 31.3°C | Hum: 73.8%"
"10:23:00.127 -> Soil: 84.0% | Temp: 31.3°C | Hum: 73.6%"
"10:23:05.139 -> Soil: 83.0% | Temp: 31.2°C | Hum: 74.0%"
"10:23:10.140 -> Soil: 83.0% | Temp: 31.2°C | Hum: 73.5%"
"10:23:15.136 -> Soil: 83.0% | Temp: 31.3°C | Hum: 73.7%"
"10:23:20.124 -> Soil: 84.0% | Temp: 31.3°C | Hum: 73.7%"
"10:23:25.115 -> Soil: 84.0% | Temp: 31.2°C | Hum: 73.7%"
"10:23:30.145 -> Soil: 83.0% | Temp: 31.2°C | Hum: 73.7%"
"10:23:35.115 -> Soil: 83.0% | Temp: 31.2°C | Hum: 73.7%"
"10:23:40.130 -> Soil: 84.0% | Temp: 31.3°C | Hum: 73.7%"
"10:23:45.151 -> Soil: 83.0% | Temp: 31.3°C | Hum: 73.8%"
"10:23:50.132 -> Soil: 84.0% | Temp: 31.2°C | Hum: 73.6%"
"10:23:55.157 -> Soil: 83.0% | Temp: 31.2°C | Hum: 73.7%"
"10:24:00.143 -> Soil: 83.0% | Temp: 31.2°C | Hum: 74.0%"
"10:24:05.127 -> Soil: 83.0% | Temp: 31.2°C | Hum: 73.9%"
"10:24:10.152 -> Soil: 84.0% | Temp: 31.2°C | Hum: 73.6%"
"10:24:15.135 -> Soil: 84.0% | Temp: 31.2°C | Hum: 73.8%"
"10:24:20.145 -> Soil: 83.0% | Temp: 31.2°C | Hum: 74.0%"
"10:24:25.131 -> Soil: 83.0% | Temp: 31.2°C | Hum: 74.1%"
"10:24:30.112 -> Soil: 83.0% | Temp: 31.2°C | Hum: 74.2%"
"10:24:35.123 -> Soil: 83.0% | Temp: 31.3°C | Hum: 74.0%"
"10:24:40.129 -> Soil: 83.0% | Temp: 31.2°C | Hum: 73.9%"
"10:24:45.156 -> Soil: 83.0% | Temp: 31.2°C | Hum: 74.0%"
"10:24:50.124 -> Soil: 83.0% | Temp: 31.2°C | Hum: 74.0%"
"10:24:55.156 -> Soil: 83.0% | Temp: 31.2°C | Hum: 74.0%"
"10:25:00.142 -> Soil: 83.0% | Temp: 31.2°C | Hum: 74.0%"
"10:25:05.115 -> Soil: 83.0% | Temp: 31.3°C | Hum: 74.2%"
"10:25:10.129 -> Soil: 84.0% | Temp: 31.2°C | Hum: 74.1%"
"10:25:15.143 -> Soil: 84.0% | Temp: 31.2°C | Hum: 74.3%"
"10:25:20.119 -> Soil: 83.0% | Temp: 31.2°C | Hum: 74.1%"
"10:25:25.117 -> Soil: 83.0% | Temp: 31.2°C | Hum: 74.2%"
"10:25:30.130 -> Soil: 84.0% | Temp: 31.2°C | Hum: 74.4%"
"10:25:35.115 -> Soil: 83.0% | Temp: 31.2°C | Hum: 74.4%"
"10:25:40.135 -> Soil: 83.0% | Temp: 31.2°C | Hum: 74.5%"
"10:25:45.110 -> Soil: 83.0% | Temp: 31.2°C | Hum: 74.2%"
"10:25:50.135 -> Soil: 83.0% | Temp: 31.2°C | Hum: 74.1%"
"10:25:55.129 -> Soil: 83.0% | Temp: 31.2°C | Hum: 74.3%"
"10:26:00.117 -> Soil: 83.0% | Temp: 31.2°C | Hum: 74.2%"
"10:26:05.154 -> Soil: 84.0% | Temp: 31.2°C | Hum: 74.4%"
"10:26:10.146 -> Soil: 84.0% | Temp: 31.2°C | Hum: 74.4%"
"10:26:15.139 -> Soil: 84.0% | Temp: 31.2°C | Hum: 74.1%"
"10:26:20.154 -> Soil: 83.0% | Temp: 31.2°C | Hum: 74.4%"
"10:26:25.118 -> Soil: 84.0% | Temp: 31.2°C | Hum: 74.2%"
"10:26:30.139 -> Soil: 84.0% | Temp: 31.2°C | Hum: 74.1%"
"10:26:35.117 -> Soil: 83.0% | Temp: 31.2°C | Hum: 74.3%"
"10:26:40.132 -> Soil: 83.0% | Temp: 31.3°C | Hum: 74.3%"
"10:26:45.115 -> Soil: 84.0% | Temp: 31.2°C | Hum: 74.3%"
"10:26:50.139 -> Soil: 83.0% | Temp: 31.2°C | Hum: 74.2%"
"10:26:55.115 -> Soil: 83.0% | Temp: 31.2°C | Hum: 74.1%"
"10:27:00.122 -> Soil: 84.0% | Temp: 31.2°C | Hum: 74.3%"
"10:27:05.145 -> Soil: 84.0% | Temp: 31.2°C | Hum: 74.3%"
"10:27:10.148 -> Soil: 83.0% | Temp: 31.2°C | Hum: 74.2%"
"10:27:15.113 -> Soil: 83.0% | Temp: 31.2°C | Hum: 74.3%"
"10:27:20.132 -> Soil: 84.0% | Temp: 31.2°C | Hum: 74.4%"
"10:27:25.111 -> Soil: 83.0% | Temp: 31.2°C | Hum: 74.4%"
"10:27:30.131 -> Soil: 83.0% | Temp: 31.2°C | Hum: 74.3%"
"10:27:35.141 -> Soil: 83.0% | Temp: 31.2°C | Hum: 74.2%"
"10:27:40.111 -> Soil: 83.0% | Temp: 31.3°C | Hum: 74.4%"
"10:27:45.130 -> Soil: 83.0% | Temp: 31.2°C | Hum: 74.3%"
"10:27:50.149 -> Soil: 84.0% | Temp: 31.3°C | Hum: 74.4%"
"10:27:55.150 -> Soil: 83.0% | Temp: 31.2°C | Hum: 74.5%"
"10:28:00.146 -> Soil: 83.0% | Temp: 31.2°C | Hum: 74.5%"
"10:28:05.127 -> Soil: 83.0% | Temp: 31.2°C | Hum: 74.4%"
"10:28:10.114 -> Soil: 83.0% | Temp: 31.2°C | Hum: 74.4%"
"10:28:15.142 -> Soil: 84.0% | Temp: 31.2°C | Hum: 74.3%"
"10:28:20.110 -> Soil: 83.0% | Temp: 31.3°C | Hum: 74.2%"
"10:28:25.131 -> Soil: 83.0% | Temp: 31.3°C | Hum: 74.2%"
"10:28:30.108 -> Soil: 83.0% | Temp: 31.3°C | Hum: 74.5%"
"10:28:35.138 -> Soil: 83.0% | Temp: 31.2°C | Hum: 74.1%"
"10:28:40.113 -> Soil: 84.0% | Temp: 31.3°C | Hum: 74.2%"
"10:28:45.134 -> Soil: 83.0% | Temp: 31.3°C | Hum: 74.3%"
"10:28:50.109 -> Soil: 84.0% | Temp: 31.3°C | Hum: 74.3%"
"10:28:55.130 -> Soil: 83.0% | Temp: 31.3°C | Hum: 74.3%"
"10:29:00.121 -> Soil: 83.0% | Temp: 31.3°C | Hum: 74.4%"
"10:29:05.142 -> Soil: 84.0% | Temp: 31.3°C | Hum: 74.3%"
"10:29:10.126 -> Soil: 84.0% | Temp: 31.3°C | Hum: 74.3%"
"10:29:15.133 -> Soil: 84.0% | Temp: 31.2°C | Hum: 74.3%"
"10:29:20.144 -> Soil: 84.0% | Temp: 31.3°C | Hum: 74.3%"
"10:29:25.115 -> Soil: 83.0% | Temp: 31.2°C | Hum: 74.5%"
"10:29:30.104 -> Soil: 84.0% | Temp: 31.3°C | Hum: 74.4%"
"10:29:35.149 -> Soil: 83.0% | Temp: 31.2°C | Hum: 74.4%"
"10:29:40.136 -> Soil: 84.0% | Temp: 31.3°C | Hum: 74.3%"
"10:29:45.130 -> Soil: 84.0% | Temp: 31.3°C | Hum: 74.2%"
"10:29:50.125 -> Soil: 84.0% | Temp: 31.2°C | Hum: 74.2%"
"10:29:55.109 -> Soil: 83.0% | Temp: 31.3°C | Hum: 74.2%"
"10:30:00.143 -> Soil: 83.0% | Temp: 31.3°C | Hum: 74.2%"
"10:30:05.132 -> Soil: 84.0% | Temp: 31.3°C | Hum: 74.1%"
"10:30:10.145 -> Soil: 84.0% | Temp: 31.3°C | Hum: 74.3%"
"10:30:15.129 -> Soil: 84.0% | Temp: 31.3°C | Hum: 74.3%"
"10:30:20.113 -> Soil: 84.0% | Temp: 31.3°C | Hum: 74.2%"
"10:30:25.115 -> Soil: 83.0% | Temp: 31.3°C | Hum: 74.1%"
"10:30:30.118 -> Soil: 83.0% | Temp: 31.3°C | Hum: 73.9%"
"10:30:35.125 -> Soil: 84.0% | Temp: 31.2°C | Hum: 74.0%"
"10:30:40.129 -> Soil: 84.0% | Temp: 31.3°C | Hum: 74.1%"
"10:30:45.129 -> Soil: 83.0% | Temp: 31.3°C | Hum: 74.1%"
"10:30:50.128 -> Soil: 84.0% | Temp: 31.2°C | Hum: 74.2%"
"10:30:55.123 -> Soil: 83.0% | Temp: 31.3°C | Hum: 74.2%"
"10:31:00.122 -> Soil: 84.0% | Temp: 31.3°C | Hum: 74.3%"
"10:31:05.104 -> Soil: 84.0% | Temp: 31.3°C | Hum: 74.1%"
"10:31:10.144 -> Soil: 84.0% | Temp: 31.3°C | Hum: 74.1%"
"10:31:15.126 -> Soil: 84.0% | Temp: 31.3°C | Hum: 74.1%"
"10:31:20.126 -> Soil: 83.0% | Temp: 31.3°C | Hum: 74.1%"
"10:31:25.136 -> Soil: 84.0% | Temp: 31.3°C | Hum: 74.3%"
"10:31:30.113 -> Soil: 84.0% | Temp: 31.3°C | Hum: 74.2%"
"10:31:35.136 -> Soil: 84.0% | Temp: 31.3°C | Hum: 74.2%"
"10:31:40.141 -> Soil: 84.0% | Temp: 31.3°C | Hum: 74.5%"
"10:31:45.113 -> Soil: 84.0% | Temp: 31.3°C | Hum: 74.3%"
"10:31:50.130 -> Soil: 84.0% | Temp: 31.3°C | Hum: 74.3%"
"10:31:55.126 -> Soil: 84.0% | Temp: 31.3°C | Hum: 74.3%"
"10:32:00.146 -> Soil: 84.0% | Temp: 31.3°C | Hum: 74.3%"
"10:32:05.112 -> Soil: 84.0% | Temp: 31.3°C | Hum: 74.3%"
"10:32:10.131 -> Soil: 84.0% | Temp: 31.3°C | Hum: 74.3%"
"10:32:15.108 -> Soil: 83.0% | Temp: 31.3°C | Hum: 74.4%"
"10:32:20.126 -> Soil: 84.0% | Temp: 31.3°C | Hum: 74.4%"
"10:32:25.138 -> Soil: 84.0% | Temp: 31.3°C | Hum: 74.3%"
"10:32:30.119 -> Soil: 84.0% | Temp: 31.3°C | Hum: 74.3%"
"10:32:35.136 -> Soil: 84.0% | Temp: 31.3°C | Hum: 74.3%"
"10:32:40.143 -> Soil: 85.0% | Temp: 31.3°C | Hum: 74.3%"
"10:32:45.111 -> Soil: 84.0% | Temp: 31.3°C | Hum: 74.4%"
"10:32:50.103 -> Soil: 84.0% | Temp: 31.3°C | Hum: 74.4%"
"10:32:55.123 -> Soil: 84.0% | Temp: 31.3°C | Hum: 74.3%"
"10:33:00.101 -> Soil: 85.0% | Temp: 31.3°C | Hum: 74.3%"
"10:33:05.126 -> Soil: 84.0% | Temp: 31.3°C | Hum: 74.4%"
"10:33:10.113 -> Soil: 84.0% | Temp: 31.3°C | Hum: 74.4%"
"10:33:15.135 -> Soil: 84.0% | Temp: 31.3°C | Hum: 74.4%"
"10:33:20.114 -> Soil: 84.0% | Temp: 31.3°C | Hum: 74.5%"
"10:33:25.097 -> Soil: 84.0% | Temp: 31.3°C | Hum: 74.1%"
"10:33:30.121 -> Soil: 84.0% | Temp: 31.3°C | Hum: 74.5%"
"10:33:35.098 -> Soil: 84.0% | Temp: 31.3°C | Hum: 74.3%"
"10:33:40.120 -> Soil: 84.0% | Temp: 31.3°C | Hum: 74.3%"
"10:33:45.115 -> Soil: 84.0% | Temp: 31.3°C | Hum: 74.3%"
"10:33:50.133 -> Soil: 84.0% | Temp: 31.3°C | Hum: 74.3%"
"10:33:55.103 -> Soil: 84.0% | Temp: 31.3°C | Hum: 74.4%"
"10:34:00.123 -> Soil: 84.0% | Temp: 31.3°C | Hum: 74.1%"
"10:34:05.105 -> Soil: 84.0% | Temp: 31.3°C | Hum: 74.2%"
"10:34:10.128 -> Soil: 84.0% | Temp: 31.3°C | Hum: 74.2%"
"10:34:15.102 -> Soil: 84.0% | Temp: 31.3°C | Hum: 74.2%"
"10:34:20.121 -> Soil: 84.0% | Temp: 31.3°C | Hum: 74.1%"
"10:34:25.142 -> Soil: 84.0% | Temp: 31.3°C | Hum: 74.2%"
"10:34:30.124 -> Soil: 84.0% | Temp: 31.3°C | Hum: 74.3%"
"10:34:35.096 -> Soil: 84.0% | Temp: 31.3°C | Hum: 74.0%"
"10:34:40.135 -> Soil: 84.0% | Temp: 31.3°C | Hum: 74.1%"
"10:34:45.114 -> Soil: 84.0% | Temp: 31.3°C | Hum: 74.2%"
"10:34:50.098 -> Soil: 84.0% | Temp: 31.3°C | Hum: 74.1%"
"10:34:55.119 -> Soil: 84.0% | Temp: 31.3°C | Hum: 74.2%"
"10:35:00.130 -> Soil: 85.0% | Temp: 31.3°C | Hum: 74.0%"
"10:35:05.097 -> Soil: 85.0% | Temp: 31.3°C | Hum: 73.9%"
"10:35:10.121 -> Soil: 85.0% | Temp: 31.3°C | Hum: 73.8%"
"10:35:15.099 -> Soil: 85.0% | Temp: 31.3°C | Hum: 73.8%"
"10:35:20.117 -> Soil: 85.0% | Temp: 31.3°C | Hum: 73.8%"
"10:35:25.125 -> Soil: 85.0% | Temp: 31.3°C | Hum: 73.7%"
"10:35:30.097 -> Soil: 85.0% | Temp: 31.3°C | Hum: 73.7%"
"10:35:35.118 -> Soil: 85.0% | Temp: 31.3°C | Hum: 73.9%"
"10:35:40.137 -> Soil: 86.0% | Temp: 31.3°C | Hum: 73.8%"
"10:35:45.104 -> Soil: 85.0% | Temp: 31.3°C | Hum: 73.6%"
"10:35:50.122 -> Soil: 85.0% | Temp: 31.3°C | Hum: 73.9%"
"10:35:55.138 -> Soil: 85.0% | Temp: 31.3°C | Hum: 73.8%"
"10:36:00.111 -> Soil: 85.0% | Temp: 31.3°C | Hum: 73.7%"
"10:36:05.129 -> Soil: 85.0% | Temp: 31.3°C | Hum: 73.7%"
"10:36:10.136 -> Soil: 85.0% | Temp: 31.3°C | Hum: 73.9%"
"10:36:15.110 -> Soil: 85.0% | Temp: 31.3°C | Hum: 73.8%"
"10:36:20.126 -> Soil: 85.0% | Temp: 31.3°C | Hum: 73.6%"
"10:36:25.135 -> Soil: 85.0% | Temp: 31.3°C | Hum: 73.6%"
"10:36:30.114 -> Soil: 85.0% | Temp: 31.3°C | Hum: 73.7%"
"10:36:35.100 -> Soil: 85.0% | Temp: 31.3°C | Hum: 73.8%"
"10:36:40.122 -> Soil: 85.0% | Temp: 31.3°C | Hum: 73.5%"
"10:36:45.138 -> Soil: 85.0% | Temp: 31.3°C | Hum: 73.7%"
"10:36:50.123 -> Soil: 85.0% | Temp: 31.3°C | Hum: 73.8%"
"10:36:55.098 -> Soil: 85.0% | Temp: 31.3°C | Hum: 73.4%"
"10:37:00.116 -> Soil: 85.0% | Temp: 31.3°C | Hum: 73.7%"
"10:37:05.099 -> Soil: 85.0% | Temp: 31.3°C | Hum: 73.9%"
"10:37:10.135 -> Soil: 85.0% | Temp: 31.3°C | Hum: 73.7%"
"10:37:15.134 -> Soil: 85.0% | Temp: 31.3°C | Hum: 73.6%"
"10:37:20.096 -> Soil: 85.0% | Temp: 31.3°C | Hum: 73.7%"
"10:37:25.118 -> Soil: 85.0% | Temp: 31.3°C | Hum: 73.9%"
"10:37:30.103 -> Soil: 85.0% | Temp: 31.3°C | Hum: 73.9%"
"10:37:35.104 -> Soil: 84.0% | Temp: 31.3°C | Hum: 73.7%"
"10:37:40.090 -> Soil: 85.0% | Temp: 31.3°C | Hum: 73.6%"
"10:37:45.126 -> Soil: 85.0% | Temp: 31.3°C | Hum: 73.7%"
"10:37:50.117 -> Soil: 85.0% | Temp: 31.3°C | Hum: 73.6%"
"10:37:55.104 -> Soil: 85.0% | Temp: 31.3°C | Hum: 73.6%"
"10:38:00.096 -> Soil: 85.0% | Temp: 31.3°C | Hum: 73.7%"
"10:38:05.133 -> Soil: 85.0% | Temp: 31.3°C | Hum: 73.6%"
"10:38:10.127 -> Soil: 85.0% | Temp: 31.4°C | Hum: 73.6%"
"10:38:15.112 -> Soil: 85.0% | Temp: 31.3°C | Hum: 73.8%"
"10:38:20.099 -> Soil: 85.0% | Temp: 31.3°C | Hum: 73.6%"
"10:38:25.091 -> Soil: 85.0% | Temp: 31.3°C | Hum: 73.5%"
"10:38:30.176 -> Soil: 84.0% | Temp: 25.0°C | Hum: 60.0%"
"10:38:35.115 -> Soil: 84.0% | Temp: 31.4°C | Hum: 73.5%"
"10:38:40.102 -> Soil: 84.0% | Temp: 31.3°C | Hum: 73.6%"
"10:38:45.094 -> Soil: 85.0% | Temp: 31.3°C | Hum: 73.4%"
"10:38:50.115 -> Soil: 85.0% | Temp: 31.4°C | Hum: 73.8%"
"10:38:55.133 -> Soil: 84.0% | Temp: 31.3°C | Hum: 73.7%"
"10:39:00.095 -> Soil: 84.0% | Temp: 31.4°C | Hum: 73.5%"
"10:39:05.109 -> Soil: 85.0% | Temp: 31.4°C | Hum: 73.7%"
"10:39:10.089 -> Soil: 84.0% | Temp: 31.3°C | Hum: 73.7%"
"10:39:15.106 -> Soil: 85.0% | Temp: 31.4°C | Hum: 73.7%"
"10:39:20.096 -> Soil: 84.0% | Temp: 31.4°C | Hum: 73.6%"
"10:39:25.127 -> Soil: 84.0% | Temp: 31.4°C | Hum: 73.6%"
"10:39:30.104 -> Soil: 84.0% | Temp: 31.3°C | Hum: 73.6%"
"10:39:35.127 -> Soil: 84.0% | Temp: 31.4°C | Hum: 73.7%"
"10:39:40.106 -> Soil: 84.0% | Temp: 31.3°C | Hum: 73.4%"
"10:39:45.127 -> Soil: 84.0% | Temp: 31.3°C | Hum: 73.5%"
"10:39:55.608 -> Soil: 90.0% | Temp: 31.4°C | Hum: 73.8%"
"10:40:00.088 -> Soil: 90.0% | Temp: 31.4°C | Hum: 73.9%"
"10:40:05.113 -> Soil: 90.0% | Temp: 31.4°C | Hum: 73.8%"
"10:40:10.107 -> Soil: 90.0% | Temp: 31.4°C | Hum: 73.8%"
"10:40:15.129 -> Soil: 90.0% | Temp: 31.3°C | Hum: 73.8%"
"10:40:20.098 -> Soil: 90.0% | Temp: 31.3°C | Hum: 73.6%"
"10:40:25.088 -> Soil: 90.0% | Temp: 31.4°C | Hum: 73.8%"
"10:40:30.124 -> Soil: 90.0% | Temp: 31.4°C | Hum: 73.8%"
"10:40:35.108 -> Soil: 90.0% | Temp: 31.3°C | Hum: 73.7%"
"10:40:40.106 -> Soil: 90.0% | Temp: 31.3°C | Hum: 73.4%"
"10:40:45.106 -> Soil: 90.0% | Temp: 31.3°C | Hum: 73.7%"
"10:40:50.093 -> Soil: 90.0% | Temp: 31.4°C | Hum: 73.8%"
"10:40:55.132 -> Soil: 90.0% | Temp: 31.4°C | Hum: 73.8%"
"10:41:00.122 -> Soil: 90.0% | Temp: 31.3°C | Hum: 73.7%"
"10:41:05.108 -> Soil: 90.0% | Temp: 31.3°C | Hum: 73.7%"
"10:41:10.106 -> Soil: 90.0% | Temp: 31.3°C | Hum: 73.6%"
"10:41:15.104 -> Soil: 90.0% | Temp: 31.3°C | Hum: 73.7%"
"10:41:20.125 -> Soil: 90.0% | Temp: 31.3°C | Hum: 73.7%"
"10:41:25.117 -> Soil: 90.0% | Temp: 31.3°C | Hum: 73.8%"
"10:41:30.104 -> Soil: 90.0% | Temp: 31.3°C | Hum: 73.9%"
"10:41:35.099 -> Soil: 90.0% | Temp: 31.3°C | Hum: 73.6%"
"10:41:40.091 -> Soil: 90.0% | Temp: 31.4°C | Hum: 73.9%"
"10:41:45.109 -> Soil: 90.0% | Temp: 31.3°C | Hum: 73.9%"
"10:41:50.111 -> Soil: 90.0% | Temp: 31.4°C | Hum: 73.9%"
"10:41:55.090 -> Soil: 90.0% | Temp: 31.3°C | Hum: 73.8%"
"10:42:00.114 -> Soil: 91.0% | Temp: 31.4°C | Hum: 73.8%"
"10:42:05.094 -> Soil: 90.0% | Temp: 31.4°C | Hum: 73.9%"
"10:42:10.126 -> Soil: 90.0% | Temp: 31.3°C | Hum: 73.8%"
"10:42:15.100 -> Soil: 90.0% | Temp: 31.3°C | Hum: 73.8%"
"10:42:20.129 -> Soil: 90.0% | Temp: 31.4°C | Hum: 73.7%"
"10:42:25.104 -> Soil: 90.0% | Temp: 31.3°C | Hum: 73.7%"
"10:42:30.126 -> Soil: 90.0% | Temp: 31.4°C | Hum: 73.8%"
"10:42:35.105 -> Soil: 90.0% | Temp: 31.3°C | Hum: 73.4%"
"10:42:40.123 -> Soil: 90.0% | Temp: 31.4°C | Hum: 73.7%"
"10:42:45.108 -> Soil: 90.0% | Temp: 31.3°C | Hum: 73.7%"
"10:42:50.128 -> Soil: 90.0% | Temp: 31.3°C | Hum: 73.5%"
"10:42:55.111 -> Soil: 90.0% | Temp: 31.4°C | Hum: 73.5%"
"10:43:00.083 -> Soil: 90.0% | Temp: 31.3°C | Hum: 73.5%"
"10:43:05.110 -> Soil: 90.0% | Temp: 31.4°C | Hum: 73.4%"
"10:43:10.100 -> Soil: 90.0% | Temp: 31.3°C | Hum: 73.1%"
"10:43:15.113 -> Soil: 90.0% | Temp: 31.4°C | Hum: 73.3%"
"10:43:20.115 -> Soil: 90.0% | Temp: 31.3°C | Hum: 73.3%"
"10:43:25.128 -> Soil: 90.0% | Temp: 31.3°C | Hum: 73.1%"
"10:43:30.107 -> Soil: 90.0% | Temp: 31.4°C | Hum: 73.3%"
"10:43:35.084 -> Soil: 90.0% | Temp: 31.3°C | Hum: 73.4%"
"10:43:40.099 -> Soil: 90.0% | Temp: 31.3°C | Hum: 73.6%"
"10:43:45.101 -> Soil: 90.0% | Temp: 31.4°C | Hum: 73.5%"
"10:43:50.108 -> Soil: 90.0% | Temp: 31.4°C | Hum: 73.4%"
"10:43:55.116 -> Soil: 90.0% | Temp: 31.4°C | Hum: 73.3%"
"10:44:00.126 -> Soil: 90.0% | Temp: 31.3°C | Hum: 73.1%"
"10:44:05.094 -> Soil: 90.0% | Temp: 31.3°C | Hum: 73.2%"
"10:44:10.087 -> Soil: 90.0% | Temp: 31.3°C | Hum: 73.1%"
"10:44:15.108 -> Soil: 90.0% | Temp: 31.3°C | Hum: 73.1%"
"10:44:20.116 -> Soil: 90.0% | Temp: 31.3°C | Hum: 73.3%"
"10:44:25.123 -> Soil: 90.0% | Temp: 31.4°C | Hum: 73.2%"
"10:44:30.097 -> Soil: 90.0% | Temp: 31.4°C | Hum: 73.3%"
"10:44:35.098 -> Soil: 90.0% | Temp: 31.3°C | Hum: 73.3%"
"10:44:40.101 -> Soil: 90.0% | Temp: 31.3°C | Hum: 73.2%"
"10:44:45.107 -> Soil: 91.0% | Temp: 31.4°C | Hum: 73.2%"
"10:44:50.116 -> Soil: 90.0% | Temp: 31.4°C | Hum: 73.2%"
"10:44:55.113 -> Soil: 90.0% | Temp: 31.4°C | Hum: 73.2%"
"10:45:00.114 -> Soil: 90.0% | Temp: 31.3°C | Hum: 73.1%"
"10:45:05.102 -> Soil: 90.0% | Temp: 31.3°C | Hum: 73.2%"
"10:45:10.095 -> Soil: 91.0% | Temp: 31.4°C | Hum: 73.3%"
"10:45:15.093 -> Soil: 89.0% | Temp: 31.3°C | Hum: 73.3%"
"10:45:20.093 -> Soil: 90.0% | Temp: 31.4°C | Hum: 73.3%"
"10:45:25.096 -> Soil: 90.0% | Temp: 31.4°C | Hum: 73.1%"
"10:45:30.093 -> Soil: 90.0% | Temp: 31.4°C | Hum: 73.2%"
"10:45:35.088 -> Soil: 90.0% | Temp: 31.4°C | Hum: 73.2%"
"10:45:40.086 -> Soil: 89.0% | Temp: 31.4°C | Hum: 73.5%"
"10:45:45.084 -> Soil: 89.0% | Temp: 31.4°C | Hum: 73.3%"
"10:45:50.081 -> Soil: 89.0% | Temp: 31.4°C | Hum: 72.9%"
"10:45:55.083 -> Soil: 90.0% | Temp: 31.4°C | Hum: 73.0%"
"10:46:00.086 -> Soil: 90.0% | Temp: 31.4°C | Hum: 73.1%"
"10:46:05.090 -> Soil: 90.0% | Temp: 31.4°C | Hum: 73.0%"
"10:46:10.094 -> Soil: 90.0% | Temp: 31.4°C | Hum: 72.9%"
"10:46:15.090 -> Soil: 89.0% | Temp: 31.4°C | Hum: 73.1%"
"10:46:20.099 -> Soil: 90.0% | Temp: 31.4°C | Hum: 73.1%"
"10:46:25.105 -> Soil: 90.0% | Temp: 31.4°C | Hum: 73.3%"
"10:46:30.102 -> Soil: 90.0% | Temp: 31.4°C | Hum: 73.2%"
"10:46:35.095 -> Soil: 89.0% | Temp: 31.4°C | Hum: 73.1%"
"10:46:40.085 -> Soil: 90.0% | Temp: 31.4°C | Hum: 73.3%"
"10:46:45.080 -> Soil: 90.0% | Temp: 31.4°C | Hum: 73.2%"
"10:46:50.084 -> Soil: 90.0% | Temp: 31.4°C | Hum: 73.1%"
"10:46:55.081 -> Soil: 90.0% | Temp: 31.4°C | Hum: 73.3%"
"10:47:00.087 -> Soil: 90.0% | Temp: 31.4°C | Hum: 73.2%"
"10:47:05.086 -> Soil: 90.0% | Temp: 31.4°C | Hum: 72.8%"
"10:47:10.086 -> Soil: 90.0% | Temp: 31.4°C | Hum: 73.0%"
"10:47:15.098 -> Soil: 90.0% | Temp: 31.4°C | Hum: 73.0%"
"10:47:20.103 -> Soil: 89.0% | Temp: 31.4°C | Hum: 73.0%"
"10:47:25.107 -> Soil: 90.0% | Temp: 31.4°C | Hum: 72.9%"
"10:47:30.109 -> Soil: 90.0% | Temp: 31.4°C | Hum: 72.8%"
"10:47:35.080 -> Soil: 90.0% | Temp: 31.4°C | Hum: 72.9%"
"10:47:40.078 -> Soil: 90.0% | Temp: 31.4°C | Hum: 72.7%"
"10:47:45.075 -> Soil: 90.0% | Temp: 31.4°C | Hum: 73.0%"
"10:47:50.079 -> Soil: 90.0% | Temp: 31.4°C | Hum: 72.6%"
"10:47:55.103 -> Soil: 90.0% | Temp: 31.5°C | Hum: 72.7%"
"10:48:00.108 -> Soil: 90.0% | Temp: 31.4°C | Hum: 72.9%"
"10:48:05.107 -> Soil: 90.0% | Temp: 31.5°C | Hum: 72.7%"
"10:48:10.109 -> Soil: 90.0% | Temp: 31.5°C | Hum: 72.7%"
"10:48:15.109 -> Soil: 90.0% | Temp: 31.4°C | Hum: 72.9%"
"10:48:20.112 -> Soil: 90.0% | Temp: 31.5°C | Hum: 72.9%"
"10:48:25.076 -> Soil: 90.0% | Temp: 31.5°C | Hum: 72.7%"
"10:48:30.079 -> Soil: 90.0% | Temp: 31.5°C | Hum: 72.8%"
"10:48:35.086 -> Soil: 90.0% | Temp: 31.4°C | Hum: 72.7%"
"10:48:40.090 -> Soil: 90.0% | Temp: 31.5°C | Hum: 72.8%"
"10:48:45.098 -> Soil: 90.0% | Temp: 31.5°C | Hum: 72.6%"
"10:48:50.097 -> Soil: 90.0% | Temp: 31.5°C | Hum: 72.7%"
"10:48:55.101 -> Soil: 90.0% | Temp: 31.5°C | Hum: 72.8%"
"10:49:00.107 -> Soil: 90.0% | Temp: 31.5°C | Hum: 72.7%"
"10:49:05.103 -> Soil: 90.0% | Temp: 31.5°C | Hum: 72.5%"
"10:49:10.113 -> Soil: 90.0% | Temp: 31.5°C | Hum: 72.9%"
"10:49:15.077 -> Soil: 90.0% | Temp: 31.5°C | Hum: 72.9%"
"10:49:20.075 -> Soil: 90.0% | Temp: 31.5°C | Hum: 73.0%"
"10:49:25.081 -> Soil: 90.0% | Temp: 31.5°C | Hum: 72.6%"
"10:49:30.096 -> Soil: 90.0% | Temp: 31.5°C | Hum: 72.7%"
"10:49:35.099 -> Soil: 90.0% | Temp: 31.5°C | Hum: 72.6%"
"10:49:40.102 -> Soil: 90.0% | Temp: 31.5°C | Hum: 72.4%"
"10:49:45.115 -> Soil: 90.0% | Temp: 31.4°C | Hum: 72.6%"
"10:49:50.116 -> Soil: 90.0% | Temp: 31.5°C | Hum: 72.9%"
"10:49:55.115 -> Soil: 89.0% | Temp: 31.5°C | Hum: 72.7%"
"10:50:00.084 -> Soil: 90.0% | Temp: 31.5°C | Hum: 72.6%"
"10:50:05.093 -> Soil: 90.0% | Temp: 31.5°C | Hum: 72.7%"
"10:50:10.100 -> Soil: 90.0% | Temp: 31.5°C | Hum: 72.6%"
"10:50:15.116 -> Soil: 90.0% | Temp: 31.5°C | Hum: 72.2%"
"10:50:20.077 -> Soil: 90.0% | Temp: 31.5°C | Hum: 72.6%"
"10:50:25.094 -> Soil: 90.0% | Temp: 31.5°C | Hum: 72.6%"
"10:50:30.071 -> Soil: 90.0% | Temp: 31.5°C | Hum: 72.6%"
"10:50:35.103 -> Soil: 90.0% | Temp: 31.5°C | Hum: 72.6%"
"10:50:40.087 -> Soil: 90.0% | Temp: 31.5°C | Hum: 72.4%"
"10:50:45.073 -> Soil: 90.0% | Temp: 31.5°C | Hum: 72.6%"
"10:50:50.111 -> Soil: 90.0% | Temp: 31.5°C | Hum: 72.8%"
"10:50:55.103 -> Soil: 90.0% | Temp: 31.5°C | Hum: 72.6%"
"10:51:00.093 -> Soil: 90.0% | Temp: 31.5°C | Hum: 72.5%"
"10:51:05.090 -> Soil: 91.0% | Temp: 31.5°C | Hum: 72.7%"
"10:51:10.085 -> Soil: 89.0% | Temp: 31.5°C | Hum: 72.3%"
"10:51:15.083 -> Soil: 90.0% | Temp: 31.5°C | Hum: 72.5%"
"10:51:20.073 -> Soil: 90.0% | Temp: 31.5°C | Hum: 72.7%"
"10:51:25.108 -> Soil: 90.0% | Temp: 31.5°C | Hum: 72.4%"
"10:51:30.104 -> Soil: 90.0% | Temp: 31.5°C | Hum: 72.5%"
"10:51:35.095 -> Soil: 90.0% | Temp: 31.5°C | Hum: 72.4%"
"10:51:40.086 -> Soil: 90.0% | Temp: 31.5°C | Hum: 72.4%"
"10:51:45.076 -> Soil: 90.0% | Temp: 31.5°C | Hum: 72.5%"
"10:51:50.105 -> Soil: 90.0% | Temp: 31.5°C | Hum: 72.3%"
"10:51:55.080 -> Soil: 90.0% | Temp: 31.5°C | Hum: 72.3%"
"10:52:00.113 -> Soil: 90.0% | Temp: 31.5°C | Hum: 72.4%"
"10:52:05.080 -> Soil: 90.0% | Temp: 31.5°C | Hum: 72.3%"
"10:52:10.103 -> Soil: 90.0% | Temp: 31.5°C | Hum: 72.4%"
"10:52:15.112 -> Soil: 90.0% | Temp: 31.5°C | Hum: 72.1%"
"10:52:20.086 -> Soil: 91.0% | Temp: 31.5°C | Hum: 72.2%"
"10:52:25.106 -> Soil: 90.0% | Temp: 31.5°C | Hum: 72.2%"
"10:52:30.077 -> Soil: 90.0% | Temp: 31.5°C | Hum: 72.0%"
"10:52:35.089 -> Soil: 90.0% | Temp: 31.5°C | Hum: 71.9%"
"10:52:40.098 -> Soil: 91.0% | Temp: 31.5°C | Hum: 72.1%"
"10:52:45.079 -> Soil: 90.0% | Temp: 31.5°C | Hum: 72.1%"
"10:52:50.088 -> Soil: 90.0% | Temp: 31.5°C | Hum: 72.1%"
"10:52:55.102 -> Soil: 90.0% | Temp: 31.5°C | Hum: 72.1%"
"10:53:00.078 -> Soil: 90.0% | Temp: 31.5°C | Hum: 71.9%"
"10:53:05.069 -> Soil: 90.0% | Temp: 31.5°C | Hum: 72.0%"
"10:53:10.096 -> Soil: 90.0% | Temp: 31.5°C | Hum: 71.9%"
"10:53:15.092 -> Soil: 90.0% | Temp: 31.5°C | Hum: 71.8%"
"10:53:20.076 -> Soil: 90.0% | Temp: 31.5°C | Hum: 71.7%"
"10:53:25.103 -> Soil: 90.0% | Temp: 31.5°C | Hum: 71.8%"
"10:53:30.098 -> Soil: 90.0% | Temp: 31.5°C | Hum: 72.0%"
"10:53:35.091 -> Soil: 90.0% | Temp: 31.5°C | Hum: 71.8%"
"10:53:40.098 -> Soil: 91.0% | Temp: 31.4°C | Hum: 72.1%"
"10:53:45.097 -> Soil: 90.0% | Temp: 31.5°C | Hum: 71.8%"
"10:53:50.086 -> Soil: 90.0% | Temp: 31.5°C | Hum: 71.8%"
"10:53:55.074 -> Soil: 90.0% | Temp: 31.5°C | Hum: 72.1%"
"10:54:00.072 -> Soil: 90.0% | Temp: 31.5°C | Hum: 72.0%"
"10:54:05.112 -> Soil: 90.0% | Temp: 31.5°C | Hum: 71.8%"
"10:54:10.096 -> Soil: 90.0% | Temp: 31.5°C | Hum: 71.8%"
"10:54:15.086 -> Soil: 90.0% | Temp: 31.5°C | Hum: 71.9%"
"10:54:20.096 -> Soil: 90.0% | Temp: 31.5°C | Hum: 71.8%"
"10:54:25.069 -> Soil: 90.0% | Temp: 31.5°C | Hum: 71.8%"
"10:54:30.082 -> Soil: 90.0% | Temp: 31.5°C | Hum: 71.5%"
"10:54:35.071 -> Soil: 90.0% | Temp: 31.5°C | Hum: 71.7%"
"10:54:40.104 -> Soil: 90.0% | Temp: 31.5°C | Hum: 72.0%"
"10:54:45.078 -> Soil: 90.0% | Temp: 31.5°C | Hum: 71.9%"
"10:54:50.110 -> Soil: 90.0% | Temp: 31.4°C | Hum: 71.8%"
"10:54:55.085 -> Soil: 90.0% | Temp: 31.5°C | Hum: 71.7%"
"10:55:00.074 -> Soil: 90.0% | Temp: 31.5°C | Hum: 71.7%"
"10:55:05.086 -> Soil: 90.0% | Temp: 31.5°C | Hum: 71.6%"
"10:55:10.075 -> Soil: 90.0% | Temp: 31.5°C | Hum: 71.6%"
"10:55:15.072 -> Soil: 90.0% | Temp: 31.4°C | Hum: 71.6%"
"10:55:20.103 -> Soil: 90.0% | Temp: 31.5°C | Hum: 71.6%"
"10:55:25.100 -> Soil: 90.0% | Temp: 31.4°C | Hum: 71.5%"
"10:55:30.087 -> Soil: 90.0% | Temp: 31.5°C | Hum: 71.3%"
"10:55:35.072 -> Soil: 90.0% | Temp: 31.4°C | Hum: 71.6%"
"10:55:40.067 -> Soil: 90.0% | Temp: 31.4°C | Hum: 71.5%"
"10:55:45.108 -> Soil: 90.0% | Temp: 31.4°C | Hum: 71.4%"
"10:55:50.095 -> Soil: 90.0% | Temp: 31.4°C | Hum: 71.4%"
"10:55:55.088 -> Soil: 90.0% | Temp: 31.5°C | Hum: 71.5%"
"10:56:00.077 -> Soil: 90.0% | Temp: 31.4°C | Hum: 71.3%"
"10:56:05.068 -> Soil: 90.0% | Temp: 31.4°C | Hum: 71.6%"
"10:56:10.105 -> Soil: 90.0% | Temp: 31.5°C | Hum: 71.4%"
"10:56:15.089 -> Soil: 90.0% | Temp: 31.5°C | Hum: 71.3%"
"10:56:20.082 -> Soil: 90.0% | Temp: 31.5°C | Hum: 71.4%"
"10:56:25.072 -> Soil: 90.0% | Temp: 31.4°C | Hum: 71.3%"
"10:56:30.102 -> Soil: 90.0% | Temp: 31.5°C | Hum: 71.5%"
"10:56:35.081 -> Soil: 90.0% | Temp: 31.5°C | Hum: 71.5%"
"10:56:40.067 -> Soil: 90.0% | Temp: 31.5°C | Hum: 71.6%"
"10:56:45.103 -> Soil: 90.0% | Temp: 31.4°C | Hum: 71.7%"
"10:56:50.087 -> Soil: 90.0% | Temp: 31.5°C | Hum: 71.5%"
"10:56:55.072 -> Soil: 100.0% | Temp: 31.4°C | Hum: 71.8%"
"10:57:00.102 -> Soil: 100.0% | Temp: 31.4°C | Hum: 71.7%"
"10:57:05.091 -> Soil: 95.0% | Temp: 31.4°C | Hum: 71.7%"
"10:57:10.081 -> Soil: 95.0% | Temp: 31.4°C | Hum: 71.6%"
"10:57:15.071 -> Soil: 94.0% | Temp: 31.4°C | Hum: 71.3%"
"10:57:20.106 -> Soil: 94.0% | Temp: 31.4°C | Hum: 71.7%"
"10:57:25.097 -> Soil: 94.0% | Temp: 31.4°C | Hum: 71.6%"
"10:57:30.089 -> Soil: 94.0% | Temp: 31.4°C | Hum: 71.2%"
"10:57:35.083 -> Soil: 95.0% | Temp: 31.4°C | Hum: 71.2%"
"10:57:40.100 -> Soil: 95.0% | Temp: 31.4°C | Hum: 71.4%"
"10:57:45.088 -> Soil: 94.0% | Temp: 31.4°C | Hum: 71.4%"
"10:57:50.072 -> Soil: 95.0% | Temp: 31.4°C | Hum: 71.2%"
"10:57:55.103 -> Soil: 94.0% | Temp: 31.4°C | Hum: 71.1%"
"10:58:00.070 -> Soil: 95.0% | Temp: 31.5°C | Hum: 71.2%"
"10:58:05.092 -> Soil: 94.0% | Temp: 31.4°C | Hum: 71.2%"
"10:58:10.102 -> Soil: 94.0% | Temp: 31.4°C | Hum: 71.1%"
"10:58:15.088 -> Soil: 95.0% | Temp: 31.4°C | Hum: 71.3%"
"10:58:20.103 -> Soil: 94.0% | Temp: 31.4°C | Hum: 71.3%"
"10:58:25.075 -> Soil: 93.0% | Temp: 31.4°C | Hum: 70.9%"
"10:58:30.063 -> Soil: 95.0% | Temp: 31.4°C | Hum: 71.0%"
"10:58:35.092 -> Soil: 94.0% | Temp: 31.4°C | Hum: 71.1%"
"10:58:40.064 -> Soil: 94.0% | Temp: 31.4°C | Hum: 71.1%"
"10:58:45.075 -> Soil: 94.0% | Temp: 31.4°C | Hum: 71.2%"
"10:58:50.098 -> Soil: 94.0% | Temp: 31.4°C | Hum: 71.1%"
"10:58:55.065 -> Soil: 94.0% | Temp: 31.4°C | Hum: 71.2%"
"10:59:00.077 -> Soil: 94.0% | Temp: 31.4°C | Hum: 71.1%"
"10:59:05.104 -> Soil: 94.0% | Temp: 31.4°C | Hum: 71.0%"
"10:59:10.077 -> Soil: 94.0% | Temp: 31.4°C | Hum: 71.1%"
"10:59:15.081 -> Soil: 94.0% | Temp: 31.4°C | Hum: 70.8%"
"10:59:20.095 -> Soil: 94.0% | Temp: 31.4°C | Hum: 70.9%"
"10:59:25.062 -> Soil: 94.0% | Temp: 31.4°C | Hum: 71.0%"
"10:59:30.082 -> Soil: 94.0% | Temp: 31.4°C | Hum: 70.9%"
"10:59:35.099 -> Soil: 94.0% | Temp: 31.4°C | Hum: 71.0%"
"10:59:40.063 -> Soil: 94.0% | Temp: 31.4°C | Hum: 70.8%"
"10:59:45.078 -> Soil: 94.0% | Temp: 31.4°C | Hum: 71.0%"
"10:59:50.098 -> Soil: 94.0% | Temp: 31.4°C | Hum: 70.8%"
"10:59:55.067 -> Soil: 95.0% | Temp: 31.4°C | Hum: 70.8%"
"11:00:00.075 -> Soil: 94.0% | Temp: 31.4°C | Hum: 71.1%"
"11:00:05.082 -> Soil: 94.0% | Temp: 31.4°C | Hum: 71.0%"
"11:00:10.087 -> Soil: 94.0% | Temp: 31.4°C | Hum: 70.8%"
"11:00:15.092 -> Soil: 94.0% | Temp: 31.4°C | Hum: 70.9%"
"11:00:20.087 -> Soil: 94.0% | Temp: 31.4°C | Hum: 70.9%"
"11:00:25.102 -> Soil: 94.0% | Temp: 31.4°C | Hum: 70.6%"
"11:00:30.088 -> Soil: 94.0% | Temp: 31.4°C | Hum: 70.8%"
"11:00:35.072 -> Soil: 94.0% | Temp: 31.4°C | Hum: 70.8%"
"11:00:40.100 -> Soil: 94.0% | Temp: 31.4°C | Hum: 70.9%"
"11:00:45.073 -> Soil: 94.0% | Temp: 31.4°C | Hum: 70.7%"
"11:00:50.100 -> Soil: 94.0% | Temp: 31.4°C | Hum: 70.6%"
"11:00:55.072 -> Soil: 94.0% | Temp: 31.4°C | Hum: 70.9%"
"11:01:00.097 -> Soil: 94.0% | Temp: 31.4°C | Hum: 71.0%"
"11:01:05.087 -> Soil: 94.0% | Temp: 31.4°C | Hum: 71.0%"
"11:01:10.072 -> Soil: 93.0% | Temp: 31.3°C | Hum: 71.0%"
"11:01:15.093 -> Soil: 94.0% | Temp: 31.4°C | Hum: 70.7%"
"11:01:20.071 -> Soil: 94.0% | Temp: 31.4°C | Hum: 71.0%"
"11:01:25.079 -> Soil: 93.0% | Temp: 31.4°C | Hum: 70.9%"
"11:01:30.089 -> Soil: 94.0% | Temp: 31.4°C | Hum: 70.7%"
"11:01:35.071 -> Soil: 94.0% | Temp: 31.4°C | Hum: 70.8%"
"11:01:40.099 -> Soil: 94.0% | Temp: 31.4°C | Hum: 70.9%"
"11:01:45.073 -> Soil: 94.0% | Temp: 31.4°C | Hum: 70.7%"
"11:01:50.084 -> Soil: 94.0% | Temp: 31.4°C | Hum: 70.9%"
"11:01:55.055 -> Soil: 94.0% | Temp: 31.4°C | Hum: 70.6%"
"11:02:00.069 -> Soil: 94.0% | Temp: 31.4°C | Hum: 70.6%"
"11:02:05.082 -> Soil: 94.0% | Temp: 31.4°C | Hum: 70.7%"
"11:02:10.068 -> Soil: 94.0% | Temp: 31.4°C | Hum: 70.6%"
"11:02:15.064 -> Soil: 94.0% | Temp: 31.4°C | Hum: 70.6%"
"11:02:20.055 -> Soil: 94.0% | Temp: 31.4°C | Hum: 70.9%"
"11:02:25.088 -> Soil: 94.0% | Temp: 31.4°C | Hum: 70.8%"
"11:02:30.066 -> Soil: 94.0% | Temp: 31.4°C | Hum: 70.9%"
"11:02:35.091 -> Soil: 94.0% | Temp: 31.4°C | Hum: 70.8%"
"11:02:40.072 -> Soil: 94.0% | Temp: 31.4°C | Hum: 70.5%"
"11:02:45.056 -> Soil: 94.0% | Temp: 31.4°C | Hum: 70.7%"
"11:02:50.086 -> Soil: 94.0% | Temp: 31.4°C | Hum: 70.7%"
"11:02:55.055 -> Soil: 94.0% | Temp: 31.4°C | Hum: 70.5%"
"11:03:00.078 -> Soil: 94.0% | Temp: 31.4°C | Hum: 70.6%"
"11:03:05.056 -> Soil: 94.0% | Temp: 31.4°C | Hum: 70.6%"
"11:03:10.083 -> Soil: 94.0% | Temp: 31.4°C | Hum: 70.5%"
"11:03:15.067 -> Soil: 94.0% | Temp: 31.4°C | Hum: 70.8%"
"11:03:20.069 -> Soil: 93.0% | Temp: 31.4°C | Hum: 70.4%"
"11:03:25.088 -> Soil: 94.0% | Temp: 31.4°C | Hum: 70.5%"
"11:03:30.060 -> Soil: 93.0% | Temp: 31.4°C | Hum: 70.8%"
"11:03:35.088 -> Soil: 94.0% | Temp: 31.4°C | Hum: 70.6%"
"11:03:40.080 -> Soil: 93.0% | Temp: 31.4°C | Hum: 70.6%"
"11:03:45.074 -> Soil: 94.0% | Temp: 31.4°C | Hum: 70.7%"
"11:03:50.054 -> Soil: 84.0% | Temp: 31.4°C | Hum: 70.6%"
"11:03:55.078 -> Soil: 100.0% | Temp: 31.4°C | Hum: 70.2%"
"11:04:00.068 -> Soil: 100.0% | Temp: 31.4°C | Hum: 70.3%"
"11:04:05.089 -> Soil: 94.0% | Temp: 31.4°C | Hum: 70.4%"
"11:04:10.072 -> Soil: 90.0% | Temp: 31.4°C | Hum: 70.4%"
"11:04:15.060 -> Soil: 90.0% | Temp: 31.4°C | Hum: 70.4%"
"11:04:20.056 -> Soil: 89.0% | Temp: 31.5°C | Hum: 70.6%"
"11:04:25.081 -> Soil: 90.0% | Temp: 31.5°C | Hum: 70.3%"
"11:04:30.070 -> Soil: 90.0% | Temp: 31.4°C | Hum: 70.3%"
"11:04:35.094 -> Soil: 90.0% | Temp: 31.4°C | Hum: 70.4%"
"11:04:40.080 -> Soil: 90.0% | Temp: 31.4°C | Hum: 70.4%"
"11:04:45.067 -> Soil: 90.0% | Temp: 31.4°C | Hum: 70.2%"
"11:04:50.060 -> Soil: 89.0% | Temp: 31.4°C | Hum: 70.1%"
"11:04:55.085 -> Soil: 89.0% | Temp: 31.4°C | Hum: 70.2%"
"11:05:00.073 -> Soil: 90.0% | Temp: 31.4°C | Hum: 70.2%"
"11:05:05.059 -> Soil: 90.0% | Temp: 31.4°C | Hum: 70.3%"
"11:05:10.078 -> Soil: 90.0% | Temp: 31.4°C | Hum: 70.0%"
"11:05:15.055 -> Soil: 89.0% | Temp: 31.4°C | Hum: 70.1%"
"11:05:20.072 -> Soil: 89.0% | Temp: 31.4°C | Hum: 70.0%"
"11:05:25.056 -> Soil: 89.0% | Temp: 31.4°C | Hum: 70.1%"
"11:05:30.049 -> Soil: 89.0% | Temp: 31.4°C | Hum: 70.2%"
"11:05:35.075 -> Soil: 89.0% | Temp: 31.4°C | Hum: 70.3%"
"11:05:40.071 -> Soil: 90.0% | Temp: 31.4°C | Hum: 70.1%"
"11:05:45.096 -> Soil: 89.0% | Temp: 31.4°C | Hum: 70.0%"
"11:05:50.072 -> Soil: 89.0% | Temp: 31.4°C | Hum: 70.2%"
"11:05:55.052 -> Soil: 89.0% | Temp: 31.4°C | Hum: 69.9%"
"11:06:00.087 -> Soil: 89.0% | Temp: 31.4°C | Hum: 70.3%"
"11:06:05.086 -> Soil: 89.0% | Temp: 31.4°C | Hum: 70.1%"
"11:06:10.054 -> Soil: 89.0% | Temp: 31.4°C | Hum: 70.1%"
"11:06:15.070 -> Soil: 89.0% | Temp: 31.4°C | Hum: 70.4%"
"11:06:20.083 -> Soil: 89.0% | Temp: 31.4°C | Hum: 70.2%"
"11:06:25.049 -> Soil: 89.0% | Temp: 31.4°C | Hum: 70.2%"
"11:06:30.063 -> Soil: 89.0% | Temp: 31.4°C | Hum: 70.2%"
"11:06:35.072 -> Soil: 89.0% | Temp: 31.4°C | Hum: 70.4%"
"11:06:40.086 -> Soil: 88.0% | Temp: 31.4°C | Hum: 70.1%"
"11:06:45.076 -> Soil: 89.0% | Temp: 31.4°C | Hum: 70.3%"
"11:06:50.067 -> Soil: 89.0% | Temp: 31.4°C | Hum: 70.3%"
"11:06:55.056 -> Soil: 89.0% | Temp: 31.4°C | Hum: 70.5%"
"11:07:00.088 -> Soil: 89.0% | Temp: 31.4°C | Hum: 70.2%"
"11:07:05.072 -> Soil: 89.0% | Temp: 31.4°C | Hum: 70.4%"
"11:07:10.091 -> Soil: 89.0% | Temp: 31.4°C | Hum: 70.2%"
"11:07:15.079 -> Soil: 89.0% | Temp: 31.4°C | Hum: 70.2%"
"11:07:20.067 -> Soil: 89.0% | Temp: 31.4°C | Hum: 70.2%"
"11:07:25.050 -> Soil: 89.0% | Temp: 31.4°C | Hum: 70.4%"
"11:07:30.079 -> Soil: 89.0% | Temp: 31.4°C | Hum: 70.5%"
"11:07:35.064 -> Soil: 89.0% | Temp: 31.4°C | Hum: 70.3%"
"11:07:40.056 -> Soil: 89.0% | Temp: 31.4°C | Hum: 70.5%"
"11:07:45.047 -> Soil: 89.0% | Temp: 31.4°C | Hum: 70.4%"
"11:07:50.072 -> Soil: 89.0% | Temp: 31.4°C | Hum: 70.6%"
"11:07:55.058 -> Soil: 89.0% | Temp: 31.4°C | Hum: 70.5%"
"11:08:00.046 -> Soil: 89.0% | Temp: 31.4°C | Hum: 70.5%"
"11:08:05.074 -> Soil: 88.0% | Temp: 31.4°C | Hum: 70.4%"
"11:08:10.062 -> Soil: 89.0% | Temp: 31.4°C | Hum: 70.5%"
"11:08:15.051 -> Soil: 89.0% | Temp: 31.4°C | Hum: 70.4%"
"11:08:20.079 -> Soil: 88.0% | Temp: 31.4°C | Hum: 70.5%"
"11:08:25.072 -> Soil: 88.0% | Temp: 31.5°C | Hum: 70.3%"
"11:08:30.056 -> Soil: 89.0% | Temp: 31.4°C | Hum: 70.5%"
"11:08:35.078 -> Soil: 88.0% | Temp: 31.4°C | Hum: 70.6%"
"11:08:40.066 -> Soil: 88.0% | Temp: 31.5°C | Hum: 70.5%"
"11:08:45.045 -> Soil: 88.0% | Temp: 31.5°C | Hum: 70.6%"
"11:08:50.074 -> Soil: 88.0% | Temp: 31.5°C | Hum: 70.6%"
"11:08:55.063 -> Soil: 88.0% | Temp: 31.4°C | Hum: 70.5%"
"11:09:00.055 -> Soil: 88.0% | Temp: 31.5°C | Hum: 70.6%"
"11:09:05.084 -> Soil: 89.0% | Temp: 31.4°C | Hum: 70.5%"
"11:09:10.066 -> Soil: 88.0% | Temp: 31.5°C | Hum: 70.4%"
"11:09:15.055 -> Soil: 88.0% | Temp: 31.5°C | Hum: 70.6%"
"11:09:20.043 -> Soil: 88.0% | Temp: 31.4°C | Hum: 70.7%"
"11:09:25.081 -> Soil: 88.0% | Temp: 31.4°C | Hum: 70.7%"
"11:09:30.076 -> Soil: 88.0% | Temp: 31.4°C | Hum: 70.4%"
"11:09:35.068 -> Soil: 88.0% | Temp: 31.5°C | Hum: 70.4%"
"11:09:40.062 -> Soil: 88.0% | Temp: 31.5°C | Hum: 70.5%"
"11:09:45.054 -> Soil: 88.0% | Temp: 31.5°C | Hum: 70.5%"
"11:09:50.044 -> Soil: 88.0% | Temp: 31.5°C | Hum: 70.8%"
"11:09:55.088 -> Soil: 88.0% | Temp: 31.5°C | Hum: 70.6%"
"11:10:00.082 -> Soil: 88.0% | Temp: 31.5°C | Hum: 70.5%"
"11:10:05.068 -> Soil: 88.0% | Temp: 31.5°C | Hum: 70.2%"
"11:10:10.056 -> Soil: 88.0% | Temp: 31.5°C | Hum: 70.4%"
"11:10:15.088 -> Soil: 88.0% | Temp: 31.5°C | Hum: 70.6%"
"11:10:20.079 -> Soil: 88.0% | Temp: 31.5°C | Hum: 70.4%"
"11:10:25.057 -> Soil: 88.0% | Temp: 31.5°C | Hum: 70.2%"
"11:10:30.086 -> Soil: 88.0% | Temp: 31.5°C | Hum: 70.3%"
"11:10:35.065 -> Soil: 88.0% | Temp: 31.5°C | Hum: 70.6%"
"11:10:40.056 -> Soil: 88.0% | Temp: 31.5°C | Hum: 70.5%"
"11:10:45.081 -> Soil: 88.0% | Temp: 31.5°C | Hum: 70.6%"
"11:10:50.064 -> Soil: 88.0% | Temp: 31.5°C | Hum: 70.5%"
"11:10:55.052 -> Soil: 87.0% | Temp: 31.5°C | Hum: 70.6%"
"11:11:00.051 -> Soil: 88.0% | Temp: 31.5°C | Hum: 70.4%"
"11:11:05.086 -> Soil: 88.0% | Temp: 31.5°C | Hum: 70.4%"
"11:11:10.077 -> Soil: 88.0% | Temp: 31.5°C | Hum: 70.5%"
"11:11:15.086 -> Soil: 87.0% | Temp: 31.5°C | Hum: 70.4%"
"11:11:20.053 -> Soil: 88.0% | Temp: 31.5°C | Hum: 70.4%"
"11:11:25.054 -> Soil: 88.0% | Temp: 31.5°C | Hum: 70.5%"
"11:11:30.049 -> Soil: 88.0% | Temp: 31.5°C | Hum: 70.3%"
"11:11:35.084 -> Soil: 88.0% | Temp: 31.5°C | Hum: 70.3%"
"11:11:40.077 -> Soil: 87.0% | Temp: 31.5°C | Hum: 70.2%"
"11:11:45.083 -> Soil: 88.0% | Temp: 31.5°C | Hum: 70.0%"
"11:11:50.044 -> Soil: 88.0% | Temp: 31.5°C | Hum: 70.0%"
"11:11:55.046 -> Soil: 88.0% | Temp: 31.5°C | Hum: 70.0%"
"11:12:00.040 -> Soil: 87.0% | Temp: 31.5°C | Hum: 69.9%"
"11:12:05.043 -> Soil: 88.0% | Temp: 31.5°C | Hum: 70.1%"
"11:12:10.053 -> Soil: 88.0% | Temp: 31.5°C | Hum: 69.8%"
"11:12:15.075 -> Soil: 88.0% | Temp: 31.5°C | Hum: 70.1%"
"11:12:20.062 -> Soil: 88.0% | Temp: 31.5°C | Hum: 70.1%"
"11:12:25.041 -> Soil: 88.0% | Temp: 31.5°C | Hum: 70.2%"
"11:12:30.073 -> Soil: 87.0% | Temp: 31.4°C | Hum: 70.2%"
"11:12:35.061 -> Soil: 88.0% | Temp: 31.5°C | Hum: 70.1%"
"11:12:40.060 -> Soil: 88.0% | Temp: 31.5°C | Hum: 70.4%"
"11:12:45.047 -> Soil: 88.0% | Temp: 31.5°C | Hum: 69.9%"
"11:12:50.073 -> Soil: 87.0% | Temp: 31.5°C | Hum: 70.1%"
"11:12:55.058 -> Soil: 87.0% | Temp: 31.5°C | Hum: 70.0%"
"11:13:00.052 -> Soil: 87.0% | Temp: 31.5°C | Hum: 70.0%"
"11:13:05.045 -> Soil: 87.0% | Temp: 31.5°C | Hum: 69.9%"
"11:13:10.080 -> Soil: 88.0% | Temp: 31.5°C | Hum: 70.1%"
"11:13:15.070 -> Soil: 88.0% | Temp: 31.5°C | Hum: 70.2%"
"11:13:20.061 -> Soil: 88.0% | Temp: 31.5°C | Hum: 70.2%"
"11:13:25.056 -> Soil: 87.0% | Temp: 31.5°C | Hum: 70.2%"
"11:13:30.046 -> Soil: 87.0% | Temp: 31.5°C | Hum: 70.5%"
"11:13:35.041 -> Soil: 88.0% | Temp: 31.5°C | Hum: 70.4%"
"11:13:40.040 -> Soil: 87.0% | Temp: 31.5°C | Hum: 70.2%"
"11:13:45.080 -> Soil: 87.0% | Temp: 31.5°C | Hum: 70.1%"
"11:13:50.066 -> Soil: 88.0% | Temp: 31.5°C | Hum: 70.4%"
"11:13:55.052 -> Soil: 87.0% | Temp: 31.5°C | Hum: 70.2%"
"11:14:00.038 -> Soil: 87.0% | Temp: 31.5°C | Hum: 70.5%"
"11:14:05.053 -> Soil: 87.0% | Temp: 31.5°C | Hum: 70.4%"
"11:14:10.037 -> Soil: 87.0% | Temp: 31.5°C | Hum: 70.5%"
"11:14:15.071 -> Soil: 87.0% | Temp: 31.5°C | Hum: 70.4%"
"11:14:20.067 -> Soil: 87.0% | Temp: 31.5°C | Hum: 70.4%"
"11:14:25.052 -> Soil: 87.0% | Temp: 31.5°C | Hum: 70.6%"
"11:14:30.056 -> Soil: 87.0% | Temp: 31.5°C | Hum: 70.5%"
"11:14:35.045 -> Soil: 87.0% | Temp: 31.5°C | Hum: 70.7%"
"11:14:40.073 -> Soil: 87.0% | Temp: 31.5°C | Hum: 70.5%"
"11:14:45.068 -> Soil: 87.0% | Temp: 31.5°C | Hum: 70.7%"
"11:14:50.060 -> Soil: 87.0% | Temp: 31.5°C | Hum: 70.5%"
"11:14:55.057 -> Soil: 87.0% | Temp: 31.5°C | Hum: 70.4%"
"11:15:00.051 -> Soil: 87.0% | Temp: 31.6°C | Hum: 70.6%"
"11:15:05.051 -> Soil: 87.0% | Temp: 31.5°C | Hum: 70.6%"
"11:15:10.042 -> Soil: 87.0% | Temp: 31.6°C | Hum: 70.5%"
"11:15:15.035 -> Soil: 87.0% | Temp: 31.6°C | Hum: 70.5%"
"11:15:20.073 -> Soil: 87.0% | Temp: 31.6°C | Hum: 70.4%"
"11:15:25.068 -> Soil: 87.0% | Temp: 31.5°C | Hum: 70.5%"
"11:15:30.060 -> Soil: 87.0% | Temp: 31.6°C | Hum: 70.5%"
"11:15:35.056 -> Soil: 87.0% | Temp: 31.6°C | Hum: 70.5%"
"11:15:40.050 -> Soil: 87.0% | Temp: 31.6°C | Hum: 70.6%"
"11:15:45.049 -> Soil: 87.0% | Temp: 31.5°C | Hum: 70.6%"
"11:15:50.042 -> Soil: 87.0% | Temp: 31.6°C | Hum: 70.5%"
"11:15:55.044 -> Soil: 87.0% | Temp: 31.6°C | Hum: 70.5%"
"11:16:00.044 -> Soil: 87.0% | Temp: 31.6°C | Hum: 70.6%"
"11:16:05.041 -> Soil: 87.0% | Temp: 31.6°C | Hum: 70.7%"
"11:16:10.040 -> Soil: 86.0% | Temp: 31.6°C | Hum: 70.7%"
"11:16:15.032 -> Soil: 86.0% | Temp: 31.6°C | Hum: 70.7%"
"11:16:20.079 -> Soil: 87.0% | Temp: 31.6°C | Hum: 70.6%"
"11:16:25.079 -> Soil: 87.0% | Temp: 31.6°C | Hum: 70.4%"
"11:16:30.068 -> Soil: 87.0% | Temp: 31.6°C | Hum: 70.7%"
"11:16:35.050 -> Soil: 86.0% | Temp: 31.6°C | Hum: 70.7%"
"11:16:40.057 -> Soil: 87.0% | Temp: 31.6°C | Hum: 70.7%"
"11:16:45.045 -> Soil: 87.0% | Temp: 31.6°C | Hum: 70.6%"
"11:16:50.039 -> Soil: 87.0% | Temp: 31.6°C | Hum: 70.6%"
"11:16:55.035 -> Soil: 87.0% | Temp: 31.6°C | Hum: 70.4%"
"11:17:00.033 -> Soil: 87.0% | Temp: 31.6°C | Hum: 70.6%"
"11:17:05.032 -> Soil: 87.0% | Temp: 31.6°C | Hum: 70.6%"
"11:17:10.073 -> Soil: 87.0% | Temp: 31.6°C | Hum: 70.5%"
"11:17:15.031 -> Soil: 87.0% | Temp: 31.6°C | Hum: 70.5%"
"11:17:20.074 -> Soil: 87.0% | Temp: 31.6°C | Hum: 70.4%"
"11:17:25.073 -> Soil: 87.0% | Temp: 31.6°C | Hum: 70.4%"
"11:17:30.062 -> Soil: 87.0% | Temp: 31.6°C | Hum: 70.3%"
"11:17:35.066 -> Soil: 87.0% | Temp: 31.6°C | Hum: 70.2%"
"11:17:40.062 -> Soil: 87.0% | Temp: 31.6°C | Hum: 70.3%"
"11:17:45.052 -> Soil: 87.0% | Temp: 31.6°C | Hum: 70.3%"
"11:17:50.071 -> Soil: 87.0% | Temp: 31.6°C | Hum: 70.5%"
"11:17:55.055 -> Soil: 87.0% | Temp: 31.6°C | Hum: 70.3%"
"11:18:00.038 -> Soil: 86.0% | Temp: 31.6°C | Hum: 70.2%"
"11:18:05.053 -> Soil: 87.0% | Temp: 31.6°C | Hum: 70.1%"
"11:18:10.067 -> Soil: 86.0% | Temp: 31.6°C | Hum: 70.0%"
"11:18:15.074 -> Soil: 86.0% | Temp: 31.6°C | Hum: 69.9%"
"11:18:20.050 -> Soil: 86.0% | Temp: 31.6°C | Hum: 70.1%"
"11:18:25.055 -> Soil: 87.0% | Temp: 31.6°C | Hum: 70.3%"
"11:18:30.038 -> Soil: 87.0% | Temp: 31.6°C | Hum: 70.3%"
"11:18:35.061 -> Soil: 86.0% | Temp: 31.6°C | Hum: 69.9%"
"11:18:40.056 -> Soil: 86.0% | Temp: 31.6°C | Hum: 70.0%"
"11:18:45.070 -> Soil: 87.0% | Temp: 31.6°C | Hum: 69.9%"
"11:18:50.052 -> Soil: 87.0% | Temp: 31.6°C | Hum: 69.8%"
"11:18:55.042 -> Soil: 86.0% | Temp: 31.6°C | Hum: 70.0%"
"11:19:00.060 -> Soil: 87.0% | Temp: 31.6°C | Hum: 70.0%"
"11:19:05.041 -> Soil: 86.0% | Temp: 31.6°C | Hum: 69.9%"
"11:19:10.057 -> Soil: 86.0% | Temp: 31.6°C | Hum: 70.0%"
"11:19:15.034 -> Soil: 86.0% | Temp: 31.6°C | Hum: 70.2%"
"11:19:20.050 -> Soil: 86.0% | Temp: 31.6°C | Hum: 70.1%"
"11:19:25.070 -> Soil: 86.0% | Temp: 31.6°C | Hum: 70.1%"
"11:19:30.050 -> Soil: 86.0% | Temp: 31.6°C | Hum: 70.1%"
"11:19:35.064 -> Soil: 87.0% | Temp: 31.6°C | Hum: 70.3%"
"11:19:40.061 -> Soil: 86.0% | Temp: 31.7°C | Hum: 70.0%"
"11:19:45.044 -> Soil: 86.0% | Temp: 31.6°C | Hum: 70.0%"
"11:19:50.034 -> Soil: 86.0% | Temp: 31.6°C | Hum: 70.0%"
"11:19:55.055 -> Soil: 86.0% | Temp: 31.6°C | Hum: 69.9%"
"11:20:00.044 -> Soil: 86.0% | Temp: 31.7°C | Hum: 70.0%"
"11:20:05.028 -> Soil: 86.0% | Temp: 31.6°C | Hum: 69.7%"
"11:20:10.029 -> Soil: 86.0% | Temp: 31.7°C | Hum: 69.9%"
"11:20:15.027 -> Soil: 86.0% | Temp: 31.6°C | Hum: 70.1%"
"11:20:20.063 -> Soil: 86.0% | Temp: 31.6°C | Hum: 70.1%"
"11:20:25.064 -> Soil: 86.0% | Temp: 31.6°C | Hum: 70.0%"
"11:20:30.065 -> Soil: 86.0% | Temp: 31.6°C | Hum: 70.0%"
"11:20:35.068 -> Soil: 87.0% | Temp: 31.7°C | Hum: 70.1%"
"11:20:40.055 -> Soil: 86.0% | Temp: 31.6°C | Hum: 70.0%"
"11:20:45.050 -> Soil: 86.0% | Temp: 31.6°C | Hum: 70.0%"
"11:20:50.049 -> Soil: 86.0% | Temp: 31.7°C | Hum: 70.0%"
"11:20:55.055 -> Soil: 86.0% | Temp: 31.6°C | Hum: 69.9%"
"11:21:00.039 -> Soil: 86.0% | Temp: 31.7°C | Hum: 70.3%"
"11:21:05.068 -> Soil: 86.0% | Temp: 31.6°C | Hum: 70.1%"
"11:21:10.028 -> Soil: 86.0% | Temp: 31.6°C | Hum: 70.2%"
"11:21:15.046 -> Soil: 86.0% | Temp: 31.6°C | Hum: 70.4%"
"11:21:20.071 -> Soil: 86.0% | Temp: 31.7°C | Hum: 70.0%"
"11:21:25.043 -> Soil: 86.0% | Temp: 31.7°C | Hum: 69.9%"
"11:21:30.051 -> Soil: 86.0% | Temp: 31.7°C | Hum: 70.1%"
"11:21:35.037 -> Soil: 86.0% | Temp: 31.7°C | Hum: 70.2%"
"11:21:40.069 -> Soil: 86.0% | Temp: 31.7°C | Hum: 70.0%"
"11:21:45.065 -> Soil: 86.0% | Temp: 31.7°C | Hum: 70.1%"
"11:21:50.063 -> Soil: 86.0% | Temp: 31.7°C | Hum: 70.2%"
"11:21:55.066 -> Soil: 86.0% | Temp: 31.7°C | Hum: 69.9%"
"11:22:00.064 -> Soil: 86.0% | Temp: 31.6°C | Hum: 69.9%"
"11:22:05.060 -> Soil: 86.0% | Temp: 31.7°C | Hum: 69.9%"
"11:22:10.065 -> Soil: 86.0% | Temp: 31.7°C | Hum: 70.3%"
"11:22:15.062 -> Soil: 86.0% | Temp: 31.7°C | Hum: 70.1%"
"11:22:20.036 -> Soil: 86.0% | Temp: 31.7°C | Hum: 70.0%"
"11:22:25.064 -> Soil: 86.0% | Temp: 31.6°C | Hum: 70.2%"
"11:22:30.025 -> Soil: 86.0% | Temp: 31.7°C | Hum: 70.0%"
"11:22:35.065 -> Soil: 86.0% | Temp: 31.7°C | Hum: 70.1%"
"11:22:40.039 -> Soil: 86.0% | Temp: 31.7°C | Hum: 70.3%"
"11:22:45.036 -> Soil: 86.0% | Temp: 31.7°C | Hum: 70.1%"
"11:22:50.059 -> Soil: 86.0% | Temp: 31.7°C | Hum: 70.0%"
"11:22:55.069 -> Soil: 86.0% | Temp: 31.6°C | Hum: 70.2%"
"11:23:00.067 -> Soil: 86.0% | Temp: 31.7°C | Hum: 70.0%"
"11:23:05.055 -> Soil: 86.0% | Temp: 31.6°C | Hum: 70.4%"
"11:23:10.031 -> Soil: 86.0% | Temp: 31.7°C | Hum: 70.0%"
"11:23:15.027 -> Soil: 87.0% | Temp: 31.7°C | Hum: 70.2%"
"11:23:20.046 -> Soil: 86.0% | Temp: 31.7°C | Hum: 70.0%"
"11:23:25.029 -> Soil: 86.0% | Temp: 31.7°C | Hum: 70.1%"
"11:23:30.052 -> Soil: 86.0% | Temp: 31.7°C | Hum: 69.9%"
"11:23:35.068 -> Soil: 86.0% | Temp: 31.7°C | Hum: 70.0%"
"11:23:40.037 -> Soil: 86.0% | Temp: 31.7°C | Hum: 70.2%"
"11:23:45.069 -> Soil: 86.0% | Temp: 31.7°C | Hum: 70.0%"
"11:23:50.047 -> Soil: 86.0% | Temp: 31.7°C | Hum: 70.0%"
"11:23:55.032 -> Soil: 86.0% | Temp: 31.7°C | Hum: 70.1%"
"11:24:00.043 -> Soil: 86.0% | Temp: 31.7°C | Hum: 70.0%"
"11:24:05.065 -> Soil: 86.0% | Temp: 31.7°C | Hum: 70.2%"
"11:24:10.048 -> Soil: 86.0% | Temp: 31.7°C | Hum: 70.0%"
"11:24:15.037 -> Soil: 86.0% | Temp: 31.7°C | Hum: 70.1%"
"11:24:20.025 -> Soil: 86.0% | Temp: 31.7°C | Hum: 70.1%"
"11:24:25.037 -> Soil: 86.0% | Temp: 31.7°C | Hum: 70.2%"
"11:24:30.052 -> Soil: 86.0% | Temp: 31.7°C | Hum: 70.3%"
"11:24:35.023 -> Soil: 86.0% | Temp: 31.7°C | Hum: 70.1%"
"11:24:40.053 -> Soil: 86.0% | Temp: 31.6°C | Hum: 70.4%"
"11:24:45.053 -> Soil: 86.0% | Temp: 31.7°C | Hum: 70.3%"
"11:24:50.058 -> Soil: 86.0% | Temp: 31.7°C | Hum: 70.3%"
"11:24:55.050 -> Soil: 86.0% | Temp: 31.7°C | Hum: 70.0%"
"11:25:00.029 -> Soil: 86.0% | Temp: 31.7°C | Hum: 70.2%"
"11:25:05.021 -> Soil: 86.0% | Temp: 31.7°C | Hum: 70.1%"
"11:25:10.020 -> Soil: 86.0% | Temp: 31.7°C | Hum: 69.9%"
"11:25:15.023 -> Soil: 86.0% | Temp: 31.7°C | Hum: 70.2%"
"11:25:20.058 -> Soil: 86.0% | Temp: 31.7°C | Hum: 70.1%"
"11:25:25.049 -> Soil: 86.0% | Temp: 31.7°C | Hum: 69.9%"
"11:25:30.039 -> Soil: 86.0% | Temp: 31.7°C | Hum: 69.9%"
"11:25:35.063 -> Soil: 86.0% | Temp: 31.7°C | Hum: 70.0%"
"11:25:40.055 -> Soil: 86.0% | Temp: 31.7°C | Hum: 69.9%"
"11:25:45.031 -> Soil: 86.0% | Temp: 31.7°C | Hum: 70.0%"
"11:25:50.056 -> Soil: 86.0% | Temp: 31.7°C | Hum: 69.9%"
"11:25:55.032 -> Soil: 87.0% | Temp: 31.7°C | Hum: 70.1%"
"11:26:00.031 -> Soil: 87.0% | Temp: 31.7°C | Hum: 70.1%"
"11:26:05.039 -> Soil: 86.0% | Temp: 31.7°C | Hum: 70.1%"
"11:26:10.039 -> Soil: 86.0% | Temp: 31.7°C | Hum: 70.3%"
"11:26:15.042 -> Soil: 86.0% | Temp: 31.7°C | Hum: 70.3%"
"11:26:20.033 -> Soil: 86.0% | Temp: 31.7°C | Hum: 70.2%"
"11:26:25.043 -> Soil: 86.0% | Temp: 31.7°C | Hum: 70.5%"
"11:26:30.041 -> Soil: 86.0% | Temp: 31.7°C | Hum: 70.6%"
"11:26:35.047 -> Soil: 86.0% | Temp: 31.7°C | Hum: 70.5%"
"11:26:40.050 -> Soil: 86.0% | Temp: 31.7°C | Hum: 70.3%"
"11:26:45.064 -> Soil: 86.0% | Temp: 31.7°C | Hum: 70.6%"
"11:26:50.037 -> Soil: 86.0% | Temp: 31.7°C | Hum: 70.5%"
"11:26:55.043 -> Soil: 86.0% | Temp: 31.7°C | Hum: 70.4%"
"11:27:00.029 -> Soil: 86.0% | Temp: 31.7°C | Hum: 70.8%"
"11:27:05.030 -> Soil: 86.0% | Temp: 31.7°C | Hum: 70.8%"
"11:27:10.033 -> Soil: 86.0% | Temp: 31.7°C | Hum: 71.0%"
"11:27:15.042 -> Soil: 86.0% | Temp: 31.7°C | Hum: 70.6%"
"11:27:20.042 -> Soil: 86.0% | Temp: 31.7°C | Hum: 70.4%"
"11:27:25.042 -> Soil: 86.0% | Temp: 31.8°C | Hum: 70.8%"
"11:27:30.039 -> Soil: 86.0% | Temp: 31.7°C | Hum: 70.9%"
"11:27:35.038 -> Soil: 86.0% | Temp: 31.7°C | Hum: 70.7%"
"11:27:40.037 -> Soil: 86.0% | Temp: 31.7°C | Hum: 71.0%"
"11:27:45.045 -> Soil: 86.0% | Temp: 31.7°C | Hum: 70.7%"
"11:27:50.055 -> Soil: 86.0% | Temp: 31.7°C | Hum: 70.8%"
"11:27:55.059 -> Soil: 85.0% | Temp: 31.8°C | Hum: 70.5%"
"11:28:00.023 -> Soil: 86.0% | Temp: 31.7°C | Hum: 70.9%"
"11:28:05.056 -> Soil: 86.0% | Temp: 31.7°C | Hum: 70.7%"
"11:28:10.015 -> Soil: 86.0% | Temp: 31.7°C | Hum: 70.9%"
"11:28:15.058 -> Soil: 86.0% | Temp: 31.7°C | Hum: 70.9%"
"11:28:20.059 -> Soil: 86.0% | Temp: 31.7°C | Hum: 70.8%"
"11:28:25.020 -> Soil: 86.0% | Temp: 31.7°C | Hum: 70.8%"
"11:28:30.026 -> Soil: 86.0% | Temp: 31.7°C | Hum: 70.8%"
"11:28:35.030 -> Soil: 86.0% | Temp: 31.8°C | Hum: 70.8%"
"11:28:40.034 -> Soil: 85.0% | Temp: 31.7°C | Hum: 70.8%"
"11:28:45.044 -> Soil: 86.0% | Temp: 31.7°C | Hum: 70.7%"
"11:28:50.042 -> Soil: 86.0% | Temp: 31.7°C | Hum: 70.5%"
"11:28:55.037 -> Soil: 86.0% | Temp: 31.7°C | Hum: 70.7%"
"11:29:00.051 -> Soil: 86.0% | Temp: 31.7°C | Hum: 70.7%"
"11:29:05.050 -> Soil: 86.0% | Temp: 31.7°C | Hum: 70.9%"
"11:29:10.045 -> Soil: 86.0% | Temp: 31.7°C | Hum: 70.7%"
"11:29:15.025 -> Soil: 86.0% | Temp: 31.7°C | Hum: 70.7%"
"11:29:20.057 -> Soil: 85.0% | Temp: 31.7°C | Hum: 70.6%"
"11:29:25.046 -> Soil: 86.0% | Temp: 31.7°C | Hum: 70.6%"
"11:29:30.028 -> Soil: 86.0% | Temp: 31.7°C | Hum: 70.7%"
"11:29:35.052 -> Soil: 86.0% | Temp: 31.7°C | Hum: 70.5%"
"11:29:40.052 -> Soil: 86.0% | Temp: 31.7°C | Hum: 70.9%"
"11:29:45.047 -> Soil: 86.0% | Temp: 31.7°C | Hum: 70.8%"
"11:29:50.052 -> Soil: 85.0% | Temp: 31.7°C | Hum: 70.6%"
"11:29:55.012 -> Soil: 85.0% | Temp: 31.7°C | Hum: 70.9%"
"11:30:00.057 -> Soil: 86.0% | Temp: 31.8°C | Hum: 70.8%"
"11:30:05.032 -> Soil: 86.0% | Temp: 31.7°C | Hum: 70.8%"
"11:30:10.049 -> Soil: 85.0% | Temp: 31.7°C | Hum: 70.6%"
"11:30:15.023 -> Soil: 86.0% | Temp: 31.7°C | Hum: 71.0%"
"11:30:20.032 -> Soil: 86.0% | Temp: 31.7°C | Hum: 70.9%"
"11:30:25.031 -> Soil: 86.0% | Temp: 31.7°C | Hum: 71.1%"
"11:30:30.019 -> Soil: 85.0% | Temp: 31.7°C | Hum: 70.9%"
"11:30:35.027 -> Soil: 85.0% | Temp: 31.7°C | Hum: 70.8%"
"11:30:40.030 -> Soil: 86.0% | Temp: 31.7°C | Hum: 70.7%"
"11:30:45.025 -> Soil: 86.0% | Temp: 31.7°C | Hum: 70.9%"
"11:30:50.025 -> Soil: 85.0% | Temp: 31.7°C | Hum: 70.8%"
"11:30:55.031 -> Soil: 86.0% | Temp: 31.7°C | Hum: 70.9%"
"11:31:00.043 -> Soil: 86.0% | Temp: 31.8°C | Hum: 70.7%"
"11:31:05.046 -> Soil: 86.0% | Temp: 31.8°C | Hum: 70.9%"
"11:31:10.048 -> Soil: 86.0% | Temp: 31.7°C | Hum: 70.9%"
"11:31:15.044 -> Soil: 86.0% | Temp: 31.7°C | Hum: 70.6%"
"11:31:20.026 -> Soil: 86.0% | Temp: 31.7°C | Hum: 71.0%"
"11:31:25.016 -> Soil: 85.0% | Temp: 31.7°C | Hum: 70.9%"
"11:31:30.015 -> Soil: 85.0% | Temp: 31.7°C | Hum: 71.1%"
"11:31:35.020 -> Soil: 85.0% | Temp: 31.7°C | Hum: 70.7%"
"11:31:40.018 -> Soil: 85.0% | Temp: 31.7°C | Hum: 71.3%"
"11:31:45.021 -> Soil: 86.0% | Temp: 31.7°C | Hum: 71.2%"
"11:31:50.025 -> Soil: 86.0% | Temp: 31.7°C | Hum: 71.0%"
"11:31:55.034 -> Soil: 85.0% | Temp: 31.7°C | Hum: 71.0%"
"11:32:00.041 -> Soil: 86.0% | Temp: 31.7°C | Hum: 71.0%"
"11:32:05.045 -> Soil: 85.0% | Temp: 31.7°C | Hum: 71.0%"
"11:32:10.045 -> Soil: 85.0% | Temp: 31.8°C | Hum: 71.0%"
"11:32:15.045 -> Soil: 85.0% | Temp: 31.8°C | Hum: 71.0%"
"11:32:20.010 -> Soil: 85.0% | Temp: 31.7°C | Hum: 71.3%"
"11:32:25.010 -> Soil: 85.0% | Temp: 31.7°C | Hum: 71.2%"
"11:32:30.037 -> Soil: 85.0% | Temp: 31.7°C | Hum: 71.4%"
"11:32:35.023 -> Soil: 85.0% | Temp: 31.8°C | Hum: 71.0%"
"11:32:40.027 -> Soil: 85.0% | Temp: 31.7°C | Hum: 71.3%"
"11:32:45.038 -> Soil: 85.0% | Temp: 31.7°C | Hum: 71.5%"
"11:32:50.036 -> Soil: 85.0% | Temp: 31.7°C | Hum: 71.3%"
"11:32:55.102 -> Soil: 85.0% | Temp: 25.0°C | Hum: 60.0%"
"11:33:00.032 -> Soil: 86.0% | Temp: 31.7°C | Hum: 71.3%"
"11:33:05.025 -> Soil: 85.0% | Temp: 31.7°C | Hum: 71.7%"
"11:33:10.040 -> Soil: 85.0% | Temp: 31.7°C | Hum: 71.8%"
"11:33:15.011 -> Soil: 85.0% | Temp: 31.8°C | Hum: 71.7%"
"11:33:20.024 -> Soil: 86.0% | Temp: 31.8°C | Hum: 71.7%"
"11:33:25.017 -> Soil: 86.0% | Temp: 31.7°C | Hum: 71.7%"
"11:33:30.039 -> Soil: 85.0% | Temp: 31.8°C | Hum: 72.1%"
"11:33:35.014 -> Soil: 85.0% | Temp: 31.8°C | Hum: 71.9%"
"11:33:40.031 -> Soil: 85.0% | Temp: 31.8°C | Hum: 72.0%"
"11:33:45.028 -> Soil: 85.0% | Temp: 31.8°C | Hum: 71.9%"
"11:33:50.045 -> Soil: 85.0% | Temp: 31.8°C | Hum: 72.0%"
"11:33:55.016 -> Soil: 85.0% | Temp: 31.8°C | Hum: 72.0%"
"11:34:00.027 -> Soil: 85.0% | Temp: 31.8°C | Hum: 72.1%"
"11:34:05.012 -> Soil: 85.0% | Temp: 31.8°C | Hum: 72.4%"
"11:34:10.041 -> Soil: 86.0% | Temp: 31.8°C | Hum: 72.1%"
"11:34:15.051 -> Soil: 85.0% | Temp: 31.8°C | Hum: 72.1%"
"11:34:20.021 -> Soil: 85.0% | Temp: 31.8°C | Hum: 72.1%"
"11:34:25.040 -> Soil: 85.0% | Temp: 31.8°C | Hum: 72.0%"
"11:34:30.009 -> Soil: 85.0% | Temp: 31.8°C | Hum: 71.9%"
"11:34:35.024 -> Soil: 85.0% | Temp: 31.8°C | Hum: 71.9%"
"11:34:40.042 -> Soil: 85.0% | Temp: 31.8°C | Hum: 72.0%"
"11:34:45.018 -> Soil: 85.0% | Temp: 31.8°C | Hum: 72.1%"
"11:34:50.038 -> Soil: 85.0% | Temp: 31.8°C | Hum: 72.1%"
"11:34:55.045 -> Soil: 85.0% | Temp: 31.8°C | Hum: 72.1%"
"11:35:00.044 -> Soil: 85.0% | Temp: 31.8°C | Hum: 72.1%"
"11:35:05.046 -> Soil: 85.0% | Temp: 31.8°C | Hum: 72.1%"
"11:35:10.007 -> Soil: 85.0% | Temp: 31.8°C | Hum: 72.0%"
"11:35:15.014 -> Soil: 85.0% | Temp: 31.8°C | Hum: 71.9%"
"11:35:20.007 -> Soil: 86.0% | Temp: 31.8°C | Hum: 72.2%"
"11:35:25.023 -> Soil: 85.0% | Temp: 31.8°C | Hum: 72.4%"
"11:35:30.045 -> Soil: 85.0% | Temp: 31.8°C | Hum: 72.2%"
"11:35:35.021 -> Soil: 85.0% | Temp: 31.8°C | Hum: 72.1%"
"11:35:40.035 -> Soil: 85.0% | Temp: 31.8°C | Hum: 72.2%"
"11:35:45.047 -> Soil: 85.0% | Temp: 31.8°C | Hum: 72.3%"
"11:35:50.010 -> Soil: 86.0% | Temp: 31.9°C | Hum: 72.3%"
"11:35:55.027 -> Soil: 85.0% | Temp: 31.8°C | Hum: 72.5%"
"11:36:00.037 -> Soil: 85.0% | Temp: 31.8°C | Hum: 72.5%"
"11:36:05.014 -> Soil: 85.0% | Temp: 31.8°C | Hum: 72.8%"
"11:36:10.033 -> Soil: 85.0% | Temp: 31.8°C | Hum: 72.8%"
"11:36:15.045 -> Soil: 85.0% | Temp: 31.8°C | Hum: 72.8%"
"11:36:20.017 -> Soil: 85.0% | Temp: 31.8°C | Hum: 72.7%"
"11:36:25.042 -> Soil: 85.0% | Temp: 31.8°C | Hum: 72.7%"
"11:36:30.008 -> Soil: 85.0% | Temp: 31.8°C | Hum: 72.8%"
"11:36:35.021 -> Soil: 85.0% | Temp: 31.8°C | Hum: 73.2%"
"11:36:40.037 -> Soil: 85.0% | Temp: 31.8°C | Hum: 73.1%"
"11:36:45.006 -> Soil: 85.0% | Temp: 31.8°C | Hum: 73.2%"
"11:36:50.023 -> Soil: 85.0% | Temp: 31.8°C | Hum: 73.0%"
"11:36:55.038 -> Soil: 86.0% | Temp: 31.8°C | Hum: 72.6%"
"11:37:00.005 -> Soil: 85.0% | Temp: 31.9°C | Hum: 72.4%"
"11:37:05.037 -> Soil: 85.0% | Temp: 31.8°C | Hum: 72.7%"
"11:37:10.009 -> Soil: 85.0% | Temp: 31.9°C | Hum: 72.4%"
"11:37:15.023 -> Soil: 85.0% | Temp: 31.8°C | Hum: 72.6%"
"11:37:20.034 -> Soil: 85.0% | Temp: 31.8°C | Hum: 72.8%"
"11:37:25.008 -> Soil: 85.0% | Temp: 31.9°C | Hum: 72.9%"
"11:37:30.019 -> Soil: 85.0% | Temp: 31.8°C | Hum: 72.9%"
"11:37:35.037 -> Soil: 85.0% | Temp: 31.9°C | Hum: 72.8%"
"11:37:40.009 -> Soil: 85.0% | Temp: 31.8°C | Hum: 73.0%"
"11:37:45.027 -> Soil: 85.0% | Temp: 31.9°C | Hum: 72.9%"
"11:37:50.038 -> Soil: 85.0% | Temp: 31.8°C | Hum: 72.9%"
"11:37:55.009 -> Soil: 85.0% | Temp: 31.8°C | Hum: 72.8%"
"11:38:00.016 -> Soil: 85.0% | Temp: 31.8°C | Hum: 72.7%"
"11:38:05.024 -> Soil: 85.0% | Temp: 31.9°C | Hum: 72.9%"
"11:38:10.034 -> Soil: 85.0% | Temp: 31.8°C | Hum: 72.6%"
"11:38:15.006 -> Soil: 85.0% | Temp: 31.8°C | Hum: 72.4%"
"11:38:20.017 -> Soil: 84.0% | Temp: 31.8°C | Hum: 72.4%"
"11:38:25.001 -> Soil: 85.0% | Temp: 31.9°C | Hum: 72.3%"
"11:38:30.018 -> Soil: 85.0% | Temp: 31.9°C | Hum: 72.1%"
"11:38:35.034 -> Soil: 85.0% | Temp: 31.8°C | Hum: 72.3%"
"11:38:40.009 -> Soil: 85.0% | Temp: 31.8°C | Hum: 72.0%"
"11:38:45.026 -> Soil: 85.0% | Temp: 31.8°C | Hum: 72.2%"
"11:38:50.042 -> Soil: 85.0% | Temp: 31.8°C | Hum: 72.1%"
"11:38:55.012 -> Soil: 85.0% | Temp: 31.8°C | Hum: 72.1%"
"11:39:00.031 -> Soil: 85.0% | Temp: 31.8°C | Hum: 72.2%"
"11:39:05.007 -> Soil: 85.0% | Temp: 31.8°C | Hum: 72.3%"
"11:39:10.037 -> Soil: 85.0% | Temp: 31.8°C | Hum: 72.6%"
"11:39:15.021 -> Soil: 85.0% | Temp: 31.8°C | Hum: 72.3%"
"11:39:20.002 -> Soil: 85.0% | Temp: 31.8°C | Hum: 72.5%"
"11:39:25.027 -> Soil: 85.0% | Temp: 31.8°C | Hum: 72.2%"
"11:39:30.038 -> Soil: 85.0% | Temp: 31.8°C | Hum: 72.5%"
"11:39:35.006 -> Soil: 85.0% | Temp: 31.8°C | Hum: 72.5%"
"11:39:40.031 -> Soil: 85.0% | Temp: 31.8°C | Hum: 72.6%"
"11:39:45.008 -> Soil: 85.0% | Temp: 31.8°C | Hum: 72.6%"
"11:39:50.037 -> Soil: 85.0% | Temp: 31.8°C | Hum: 72.8%"
"11:39:55.006 -> Soil: 85.0% | Temp: 31.8°C | Hum: 72.6%"
"11:40:00.043 -> Soil: 84.0% | Temp: 31.8°C | Hum: 72.8%"
"11:40:05.019 -> Soil: 85.0% | Temp: 31.8°C | Hum: 73.0%"
"11:40:10.002 -> Soil: 85.0% | Temp: 31.8°C | Hum: 72.8%"
"11:40:15.020 -> Soil: 85.0% | Temp: 31.8°C | Hum: 73.0%"
"11:40:20.035 -> Soil: 85.0% | Temp: 31.8°C | Hum: 72.8%"
"11:40:25.003 -> Soil: 85.0% | Temp: 31.8°C | Hum: 72.9%"
"11:40:30.019 -> Soil: 85.0% | Temp: 31.8°C | Hum: 72.7%"
"11:40:35.033 -> Soil: 85.0% | Temp: 31.8°C | Hum: 72.8%"
"11:40:40.008 -> Soil: 85.0% | Temp: 31.8°C | Hum: 72.4%"
"11:40:45.034 -> Soil: 85.0% | Temp: 31.8°C | Hum: 72.8%"
"11:40:50.007 -> Soil: 85.0% | Temp: 31.8°C | Hum: 72.9%"
"11:40:55.040 -> Soil: 85.0% | Temp: 31.8°C | Hum: 72.4%"
"11:41:00.025 -> Soil: 85.0% | Temp: 31.8°C | Hum: 72.8%"
"11:41:05.006 -> Soil: 85.0% | Temp: 31.8°C | Hum: 73.0%"
"11:41:10.023 -> Soil: 85.0% | Temp: 31.9°C | Hum: 73.0%"
"11:41:15.038 -> Soil: 85.0% | Temp: 31.8°C | Hum: 73.1%"
"11:41:20.022 -> Soil: 85.0% | Temp: 31.8°C | Hum: 73.1%"
"11:41:25.005 -> Soil: 85.0% | Temp: 31.9°C | Hum: 73.2%"
"11:41:30.030 -> Soil: 85.0% | Temp: 31.8°C | Hum: 72.8%"
"11:41:35.008 -> Soil: 85.0% | Temp: 31.9°C | Hum: 73.1%"
"11:41:40.024 -> Soil: 84.0% | Temp: 31.9°C | Hum: 73.2%"
"11:41:45.006 -> Soil: 84.0% | Temp: 31.9°C | Hum: 73.3%"
"11:41:50.025 -> Soil: 84.0% | Temp: 31.9°C | Hum: 73.3%"
"11:41:54.999 -> Soil: 85.0% | Temp: 31.8°C | Hum: 73.0%"
"11:42:00.025 -> Soil: 85.0% | Temp: 31.9°C | Hum: 73.0%"
"11:42:05.040 -> Soil: 84.0% | Temp: 31.9°C | Hum: 73.1%"
"11:42:10.013 -> Soil: 84.0% | Temp: 31.9°C | Hum: 73.4%"
"11:42:15.038 -> Soil: 85.0% | Temp: 31.9°C | Hum: 73.3%"
"11:42:20.017 -> Soil: 85.0% | Temp: 31.9°C | Hum: 73.4%"
"11:42:25.086 -> Soil: 84.0% | Temp: 25.0°C | Hum: 60.0%"
"11:42:30.009 -> Soil: 84.0% | Temp: 31.9°C | Hum: 73.3%"
"11:42:35.033 -> Soil: 85.0% | Temp: 31.9°C | Hum: 73.6%"
"11:42:40.009 -> Soil: 84.0% | Temp: 31.9°C | Hum: 73.4%"
"11:42:45.029 -> Soil: 84.0% | Temp: 31.9°C | Hum: 73.5%"
"11:42:50.007 -> Soil: 85.0% | Temp: 31.9°C | Hum: 73.5%"
"11:42:55.036 -> Soil: 84.0% | Temp: 31.9°C | Hum: 73.5%"
"11:43:00.007 -> Soil: 85.0% | Temp: 31.9°C | Hum: 73.4%"
"11:43:05.034 -> Soil: 84.0% | Temp: 31.9°C | Hum: 73.4%"
"11:43:10.005 -> Soil: 84.0% | Temp: 32.0°C | Hum: 73.4%"
"11:43:15.034 -> Soil: 84.0% | Temp: 31.9°C | Hum: 73.2%"
"11:43:20.014 -> Soil: 85.0% | Temp: 31.9°C | Hum: 73.3%"
"11:43:24.995 -> Soil: 85.0% | Temp: 31.9°C | Hum: 73.2%"
"11:43:30.012 -> Soil: 84.0% | Temp: 31.9°C | Hum: 73.1%"
"11:43:35.039 -> Soil: 85.0% | Temp: 32.0°C | Hum: 73.4%"
"11:43:40.007 -> Soil: 84.0% | Temp: 32.0°C | Hum: 73.3%"
"11:43:45.033 -> Soil: 84.0% | Temp: 31.9°C | Hum: 73.2%"
"11:43:50.004 -> Soil: 84.0% | Temp: 32.0°C | Hum: 73.4%"
"11:43:55.024 -> Soil: 85.0% | Temp: 32.0°C | Hum: 73.3%"
"11:43:59.995 -> Soil: 84.0% | Temp: 32.0°C | Hum: 73.4%"
"11:44:05.008 -> Soil: 84.0% | Temp: 32.0°C | Hum: 73.3%"
"11:44:10.024 -> Soil: 85.0% | Temp: 32.0°C | Hum: 73.2%"
"11:44:14.992 -> Soil: 85.0% | Temp: 32.0°C | Hum: 73.1%"
"11:44:20.004 -> Soil: 84.0% | Temp: 32.0°C | Hum: 73.1%"
"11:44:25.017 -> Soil: 84.0% | Temp: 32.0°C | Hum: 73.1%"
"11:44:30.032 -> Soil: 84.0% | Temp: 32.0°C | Hum: 72.7%"
"11:44:35.008 -> Soil: 85.0% | Temp: 32.0°C | Hum: 72.5%"
"11:44:40.019 -> Soil: 85.0% | Temp: 32.0°C | Hum: 72.4%"
"11:44:45.030 -> Soil: 85.0% | Temp: 32.0°C | Hum: 72.4%"
"11:44:50.007 -> Soil: 84.0% | Temp: 32.0°C | Hum: 72.2%"
"11:44:55.027 -> Soil: 85.0% | Temp: 32.0°C | Hum: 72.5%"
"11:44:59.994 -> Soil: 84.0% | Temp: 31.9°C | Hum: 72.2%"
"11:45:05.019 -> Soil: 85.0% | Temp: 32.0°C | Hum: 72.3%"
"11:45:09.991 -> Soil: 84.0% | Temp: 32.0°C | Hum: 72.2%"
"11:45:15.011 -> Soil: 84.0% | Temp: 32.0°C | Hum: 72.4%"
"11:45:20.034 -> Soil: 85.0% | Temp: 32.0°C | Hum: 72.3%"
"11:45:25.005 -> Soil: 84.0% | Temp: 32.0°C | Hum: 72.5%"
"11:45:30.033 -> Soil: 84.0% | Temp: 32.0°C | Hum: 72.5%"
"11:45:35.016 -> Soil: 85.0% | Temp: 32.0°C | Hum: 72.5%"
"11:45:40.014 -> Soil: 84.0% | Temp: 32.0°C | Hum: 72.5%"
"11:45:44.996 -> Soil: 84.0% | Temp: 32.0°C | Hum: 72.7%"
"11:45:50.004 -> Soil: 84.0% | Temp: 32.0°C | Hum: 72.5%"
"11:45:55.026 -> Soil: 84.0% | Temp: 31.9°C | Hum: 72.6%"
"11:46:00.008 -> Soil: 84.0% | Temp: 32.0°C | Hum: 72.6%"
"11:46:04.998 -> Soil: 84.0% | Temp: 32.0°C | Hum: 73.0%"
"11:46:10.011 -> Soil: 84.0% | Temp: 32.0°C | Hum: 72.8%"
"11:46:15.025 -> Soil: 84.0% | Temp: 32.0°C | Hum: 72.8%"
"11:46:20.003 -> Soil: 84.0% | Temp: 32.0°C | Hum: 72.9%"
"11:46:24.989 -> Soil: 84.0% | Temp: 32.0°C | Hum: 72.8%"
"11:46:30.014 -> Soil: 85.0% | Temp: 31.9°C | Hum: 72.7%"
"11:46:34.996 -> Soil: 84.0% | Temp: 32.0°C | Hum: 72.9%"
"11:46:40.014 -> Soil: 84.0% | Temp: 32.0°C | Hum: 72.8%"
"11:46:44.991 -> Soil: 84.0% | Temp: 32.0°C | Hum: 72.7%"
"11:46:50.019 -> Soil: 84.0% | Temp: 32.0°C | Hum: 72.9%"
"11:46:54.993 -> Soil: 85.0% | Temp: 32.0°C | Hum: 72.7%"
"11:47:00.012 -> Soil: 84.0% | Temp: 31.9°C | Hum: 72.6%"
"11:47:04.991 -> Soil: 84.0% | Temp: 32.0°C | Hum: 72.7%"
"11:47:10.020 -> Soil: 85.0% | Temp: 32.0°C | Hum: 72.9%"
"11:47:14.992 -> Soil: 85.0% | Temp: 32.0°C | Hum: 72.6%"
"11:47:20.020 -> Soil: 84.0% | Temp: 32.0°C | Hum: 72.7%"
"11:47:24.989 -> Soil: 84.0% | Temp: 32.0°C | Hum: 72.7%"
"11:47:29.999 -> Soil: 85.0% | Temp: 32.0°C | Hum: 72.7%"
"11:47:35.024 -> Soil: 84.0% | Temp: 31.9°C | Hum: 72.4%"
"11:47:39.998 -> Soil: 84.0% | Temp: 32.0°C | Hum: 72.5%"
"11:47:45.016 -> Soil: 84.0% | Temp: 32.0°C | Hum: 72.5%"
"11:47:49.987 -> Soil: 84.0% | Temp: 32.0°C | Hum: 72.7%"
"11:47:55.011 -> Soil: 84.0% | Temp: 32.0°C | Hum: 72.4%"
"11:47:59.994 -> Soil: 84.0% | Temp: 32.0°C | Hum: 72.6%"
"11:48:05.007 -> Soil: 84.0% | Temp: 32.0°C | Hum: 72.5%"
"11:48:09.988 -> Soil: 84.0% | Temp: 32.0°C | Hum: 72.7%"
"11:48:15.012 -> Soil: 85.0% | Temp: 32.0°C | Hum: 72.8%"
"11:48:20.023 -> Soil: 84.0% | Temp: 32.0°C | Hum: 72.9%"
"11:48:25.005 -> Soil: 84.0% | Temp: 31.9°C | Hum: 72.5%"
"11:48:29.989 -> Soil: 84.0% | Temp: 32.0°C | Hum: 72.9%"
"11:48:35.008 -> Soil: 84.0% | Temp: 32.0°C | Hum: 72.7%"
"11:48:40.030 -> Soil: 84.0% | Temp: 32.0°C | Hum: 72.8%"
"11:48:45.024 -> Soil: 84.0% | Temp: 32.0°C | Hum: 73.0%"
"11:48:50.005 -> Soil: 84.0% | Temp: 32.0°C | Hum: 73.2%"
"11:48:54.988 -> Soil: 84.0% | Temp: 32.0°C | Hum: 73.1%"
"11:49:00.011 -> Soil: 84.0% | Temp: 32.0°C | Hum: 73.0%"
"11:49:04.992 -> Soil: 85.0% | Temp: 32.0°C | Hum: 73.3%"
"11:49:09.990 -> Soil: 85.0% | Temp: 32.0°C | Hum: 73.0%"
"11:49:15.025 -> Soil: 84.0% | Temp: 31.9°C | Hum: 73.1%"
"11:49:20.007 -> Soil: 85.0% | Temp: 32.0°C | Hum: 73.1%"
"11:49:24.985 -> Soil: 84.0% | Temp: 31.9°C | Hum: 72.8%"
"11:49:30.021 -> Soil: 84.0% | Temp: 32.0°C | Hum: 73.1%"
"11:49:35.002 -> Soil: 84.0% | Temp: 32.0°C | Hum: 72.9%"
"11:49:39.983 -> Soil: 85.0% | Temp: 31.9°C | Hum: 73.2%"
"11:49:45.025 -> Soil: 84.0% | Temp: 31.9°C | Hum: 72.9%"
"11:49:50.019 -> Soil: 85.0% | Temp: 32.0°C | Hum: 72.7%"
"11:49:54.993 -> Soil: 84.0% | Temp: 31.9°C | Hum: 72.9%"
"11:50:00.025 -> Soil: 84.0% | Temp: 32.0°C | Hum: 72.7%"
"11:50:05.003 -> Soil: 85.0% | Temp: 31.9°C | Hum: 72.7%"
"11:50:09.986 -> Soil: 84.0% | Temp: 32.0°C | Hum: 72.8%"
"11:50:15.007 -> Soil: 84.0% | Temp: 31.9°C | Hum: 73.0%"
"11:50:19.998 -> Soil: 85.0% | Temp: 31.9°C | Hum: 73.0%"
"11:50:24.984 -> Soil: 84.0% | Temp: 32.0°C | Hum: 72.7%"
"11:50:30.029 -> Soil: 84.0% | Temp: 32.0°C | Hum: 72.8%"
"11:50:35.023 -> Soil: 84.0% | Temp: 32.0°C | Hum: 72.7%"
"11:50:39.992 -> Soil: 84.0% | Temp: 31.9°C | Hum: 72.5%"
"11:50:45.003 -> Soil: 84.0% | Temp: 32.0°C | Hum: 72.9%"
"11:50:50.023 -> Soil: 85.0% | Temp: 32.0°C | Hum: 72.9%"
"11:50:55.004 -> Soil: 85.0% | Temp: 32.0°C | Hum: 72.6%"
"11:51:00.024 -> Soil: 85.0% | Temp: 31.9°C | Hum: 72.6%"
"11:51:04.990 -> Soil: 84.0% | Temp: 31.9°C | Hum: 72.8%"
"11:51:10.019 -> Soil: 85.0% | Temp: 31.9°C | Hum: 72.8%"
"11:51:15.011 -> Soil: 85.0% | Temp: 32.0°C | Hum: 72.9%"
"11:51:20.011 -> Soil: 85.0% | Temp: 31.9°C | Hum: 72.5%"
"11:51:25.006 -> Soil: 84.0% | Temp: 31.9°C | Hum: 72.7%"
"11:51:29.983 -> Soil: 84.0% | Temp: 31.9°C | Hum: 72.8%"
"11:51:35.020 -> Soil: 84.0% | Temp: 31.9°C | Hum: 72.8%"
"11:51:40.016 -> Soil: 85.0% | Temp: 31.9°C | Hum: 72.9%"
"11:51:44.988 -> Soil: 84.0% | Temp: 32.0°C | Hum: 73.1%"
"11:51:50.019 -> Soil: 84.0% | Temp: 31.9°C | Hum: 73.3%"
"11:51:55.002 -> Soil: 85.0% | Temp: 31.9°C | Hum: 73.0%"
"11:51:59.984 -> Soil: 84.0% | Temp: 32.0°C | Hum: 72.8%"
"11:52:05.023 -> Soil: 84.0% | Temp: 31.9°C | Hum: 73.1%"
"11:52:10.008 -> Soil: 84.0% | Temp: 32.0°C | Hum: 73.0%"
"11:52:15.020 -> Soil: 84.0% | Temp: 31.9°C | Hum: 73.3%"
"11:52:20.001 -> Soil: 84.0% | Temp: 32.0°C | Hum: 73.3%"
"11:52:25.015 -> Soil: 84.0% | Temp: 31.9°C | Hum: 73.4%"
"11:52:29.993 -> Soil: 85.0% | Temp: 31.9°C | Hum: 73.2%"
"11:52:35.005 -> Soil: 84.0% | Temp: 31.9°C | Hum: 73.5%"
"11:52:40.022 -> Soil: 85.0% | Temp: 31.9°C | Hum: 73.3%"
"11:52:45.002 -> Soil: 85.0% | Temp: 32.0°C | Hum: 73.5%"
"11:52:50.020 -> Soil: 85.0% | Temp: 32.0°C | Hum: 73.9%"
"11:52:55.021 -> Soil: 85.0% | Temp: 32.0°C | Hum: 73.5%"
"11:52:59.999 -> Soil: 85.0% | Temp: 32.0°C | Hum: 73.8%"
"11:53:04.978 -> Soil: 84.0% | Temp: 31.9°C | Hum: 73.6%"
"11:53:10.001 -> Soil: 85.0% | Temp: 32.0°C | Hum: 73.7%"
"11:53:14.987 -> Soil: 85.0% | Temp: 31.9°C | Hum: 73.7%"
"11:53:20.006 -> Soil: 85.0% | Temp: 32.0°C | Hum: 73.5%"
"11:53:24.992 -> Soil: 85.0% | Temp: 32.0°C | Hum: 73.6%"
"11:53:29.997 -> Soil: 84.0% | Temp: 31.9°C | Hum: 73.4%"
"11:53:35.002 -> Soil: 84.0% | Temp: 32.0°C | Hum: 73.1%"
"11:53:39.993 -> Soil: 85.0% | Temp: 32.0°C | Hum: 73.1%"
"11:53:45.006 -> Soil: 84.0% | Temp: 32.0°C | Hum: 73.0%"
"11:53:49.990 -> Soil: 85.0% | Temp: 32.0°C | Hum: 73.2%"
"11:53:55.017 -> Soil: 85.0% | Temp: 31.9°C | Hum: 73.0%"
"11:53:59.990 -> Soil: 85.0% | Temp: 32.0°C | Hum: 73.0%"
"11:54:05.016 -> Soil: 85.0% | Temp: 32.0°C | Hum: 73.0%"
"11:54:09.989 -> Soil: 84.0% | Temp: 32.0°C | Hum: 73.3%"
"11:54:15.006 -> Soil: 85.0% | Temp: 32.0°C | Hum: 73.1%"
"11:54:19.984 -> Soil: 85.0% | Temp: 32.0°C | Hum: 73.3%"
"11:54:25.018 -> Soil: 85.0% | Temp: 32.0°C | Hum: 73.3%"
"11:54:29.988 -> Soil: 85.0% | Temp: 32.0°C | Hum: 73.2%"
"11:54:35.003 -> Soil: 85.0% | Temp: 31.9°C | Hum: 73.3%"
"11:54:39.984 -> Soil: 85.0% | Temp: 32.0°C | Hum: 73.6%"
"11:54:45.008 -> Soil: 85.0% | Temp: 32.0°C | Hum: 73.3%"
"11:54:49.997 -> Soil: 85.0% | Temp: 32.0°C | Hum: 73.7%"
"11:54:54.978 -> Soil: 84.0% | Temp: 32.0°C | Hum: 73.6%"
"11:54:59.990 -> Soil: 85.0% | Temp: 32.0°C | Hum: 73.5%"
"11:55:05.013 -> Soil: 85.0% | Temp: 32.0°C | Hum: 73.3%"
"11:55:09.975 -> Soil: 84.0% | Temp: 32.0°C | Hum: 73.1%"
"11:55:14.993 -> Soil: 85.0% | Temp: 32.0°C | Hum: 73.1%"
"11:55:19.975 -> Soil: 84.0% | Temp: 32.0°C | Hum: 73.2%"
"11:55:24.989 -> Soil: 85.0% | Temp: 32.0°C | Hum: 73.1%"
"11:55:30.000 -> Soil: 85.0% | Temp: 32.0°C | Hum: 73.1%"
"11:55:34.978 -> Soil: 85.0% | Temp: 32.0°C | Hum: 73.2%"
"11:55:39.997 -> Soil: 85.0% | Temp: 31.9°C | Hum: 73.4%"
"11:55:45.020 -> Soil: 85.0% | Temp: 32.0°C | Hum: 73.4%"
"11:55:49.991 -> Soil: 85.0% | Temp: 31.9°C | Hum: 73.5%"
"11:55:55.009 -> Soil: 85.0% | Temp: 32.0°C | Hum: 73.6%"
"11:56:00.020 -> Soil: 85.0% | Temp: 32.0°C | Hum: 73.5%"
"11:56:04.990 -> Soil: 85.0% | Temp: 32.0°C | Hum: 73.5%"
"11:56:10.010 -> Soil: 85.0% | Temp: 32.0°C | Hum: 73.2%"
"11:56:14.986 -> Soil: 85.0% | Temp: 32.0°C | Hum: 73.3%"
"11:56:19.988 -> Soil: 85.0% | Temp: 32.0°C | Hum: 73.3%"
"11:56:24.987 -> Soil: 84.0% | Temp: 31.9°C | Hum: 73.4%"
"11:56:29.984 -> Soil: 85.0% | Temp: 32.0°C | Hum: 73.2%"
"11:56:34.985 -> Soil: 85.0% | Temp: 32.0°C | Hum: 73.3%"
"11:56:39.992 -> Soil: 85.0% | Temp: 32.0°C | Hum: 73.4%"
"11:56:44.995 -> Soil: 85.0% | Temp: 31.9°C | Hum: 73.4%"
"11:56:50.008 -> Soil: 85.0% | Temp: 32.0°C | Hum: 73.5%"
"11:56:54.983 -> Soil: 85.0% | Temp: 31.9°C | Hum: 73.4%"
"11:56:59.987 -> Soil: 85.0% | Temp: 32.0°C | Hum: 73.2%"
"11:57:04.996 -> Soil: 85.0% | Temp: 32.0°C | Hum: 73.5%"
"11:57:10.017 -> Soil: 85.0% | Temp: 32.0°C | Hum: 73.7%"
"11:57:14.977 -> Soil: 85.0% | Temp: 31.9°C | Hum: 73.5%"
"11:57:19.980 -> Soil: 85.0% | Temp: 31.9°C | Hum: 73.5%"
"11:57:25.017 -> Soil: 85.0% | Temp: 32.0°C | Hum: 73.5%"
"11:57:29.973 -> Soil: 85.0% | Temp: 32.0°C | Hum: 73.4%"
"11:57:34.983 -> Soil: 84.0% | Temp: 32.0°C | Hum: 73.8%"
"11:57:39.981 -> Soil: 84.0% | Temp: 32.0°C | Hum: 73.7%"
"11:57:44.990 -> Soil: 85.0% | Temp: 32.0°C | Hum: 73.8%"
"11:57:49.996 -> Soil: 85.0% | Temp: 31.9°C | Hum: 73.5%"
"11:57:54.996 -> Soil: 85.0% | Temp: 31.9°C | Hum: 73.5%"
"11:58:00.014 -> Soil: 85.0% | Temp: 32.0°C | Hum: 73.6%"
"11:58:05.010 -> Soil: 85.0% | Temp: 32.0°C | Hum: 73.7%"
"11:58:09.971 -> Soil: 84.0% | Temp: 32.0°C | Hum: 73.9%"
"11:58:14.970 -> Soil: 85.0% | Temp: 32.0°C | Hum: 74.0%"
"11:58:19.974 -> Soil: 84.0% | Temp: 32.0°C | Hum: 73.6%"
"11:58:24.973 -> Soil: 85.0% | Temp: 32.0°C | Hum: 73.7%"
"11:58:29.975 -> Soil: 85.0% | Temp: 32.0°C | Hum: 73.7%"
"11:58:34.977 -> Soil: 85.0% | Temp: 32.0°C | Hum: 73.5%"
"11:58:39.982 -> Soil: 85.0% | Temp: 32.0°C | Hum: 73.6%"
"11:58:44.984 -> Soil: 85.0% | Temp: 32.0°C | Hum: 73.5%"
"11:58:49.977 -> Soil: 84.0% | Temp: 32.0°C | Hum: 73.7%"
"11:58:54.991 -> Soil: 85.0% | Temp: 32.0°C | Hum: 73.7%"
"11:58:59.987 -> Soil: 84.0% | Temp: 32.0°C | Hum: 73.5%"
"11:59:04.989 -> Soil: 85.0% | Temp: 32.0°C | Hum: 73.9%"
"11:59:09.993 -> Soil: 85.0% | Temp: 32.0°C | Hum: 74.0%"
"11:59:14.990 -> Soil: 85.0% | Temp: 32.0°C | Hum: 73.8%"
"11:59:19.989 -> Soil: 85.0% | Temp: 32.0°C | Hum: 73.7%"
"11:59:24.992 -> Soil: 85.0% | Temp: 32.0°C | Hum: 73.8%"
"11:59:29.995 -> Soil: 85.0% | Temp: 32.0°C | Hum: 73.9%"
"11:59:35.008 -> Soil: 85.0% | Temp: 32.0°C | Hum: 73.8%"
"11:59:39.970 -> Soil: 85.0% | Temp: 32.0°C | Hum: 73.8%"
"11:59:44.975 -> Soil: 85.0% | Temp: 32.0°C | Hum: 74.1%"
"11:59:49.993 -> Soil: 84.0% | Temp: 32.0°C | Hum: 74.0%"
"11:59:55.005 -> Soil: 85.0% | Temp: 32.0°C | Hum: 74.0%"
"12:00:00.010 -> Soil: 84.0% | Temp: 32.0°C | Hum: 74.2%"
"12:00:04.976 -> Soil: 85.0% | Temp: 32.0°C | Hum: 73.9%"
"12:00:09.992 -> Soil: 85.0% | Temp: 32.0°C | Hum: 74.0%"
"12:00:14.994 -> Soil: 84.0% | Temp: 32.0°C | Hum: 74.0%"
"12:00:19.989 -> Soil: 84.0% | Temp: 32.0°C | Hum: 73.8%"
"12:00:24.992 -> Soil: 84.0% | Temp: 32.1°C | Hum: 73.8%"
"12:00:29.997 -> Soil: 85.0% | Temp: 32.0°C | Hum: 74.0%"
"12:00:34.996 -> Soil: 84.0% | Temp: 32.1°C | Hum: 74.0%"
"12:00:40.000 -> Soil: 85.0% | Temp: 32.0°C | Hum: 73.7%"
"12:00:45.009 -> Soil: 85.0% | Temp: 32.1°C | Hum: 73.8%"
"12:00:49.969 -> Soil: 85.0% | Temp: 32.1°C | Hum: 73.8%"
"12:00:55.013 -> Soil: 84.0% | Temp: 32.1°C | Hum: 74.0%"
"12:00:59.973 -> Soil: 84.0% | Temp: 32.1°C | Hum: 74.2%"
"12:01:04.982 -> Soil: 84.0% | Temp: 32.1°C | Hum: 73.9%"
"12:01:09.995 -> Soil: 84.0% | Temp: 32.1°C | Hum: 73.6%"
"12:01:15.008 -> Soil: 84.0% | Temp: 32.1°C | Hum: 73.5%"
"12:01:20.005 -> Soil: 85.0% | Temp: 32.1°C | Hum: 73.7%"
"12:01:25.007 -> Soil: 84.0% | Temp: 32.1°C | Hum: 73.8%"
"12:01:30.012 -> Soil: 84.0% | Temp: 32.1°C | Hum: 73.5%"
"12:01:34.975 -> Soil: 85.0% | Temp: 32.1°C | Hum: 73.7%"
"12:01:39.979 -> Soil: 84.0% | Temp: 32.1°C | Hum: 73.7%"
"12:01:44.989 -> Soil: 85.0% | Temp: 32.1°C | Hum: 73.4%"
"12:01:50.001 -> Soil: 85.0% | Temp: 32.1°C | Hum: 73.3%"
"12:01:55.007 -> Soil: 85.0% | Temp: 32.0°C | Hum: 73.2%"
"12:01:59.965 -> Soil: 85.0% | Temp: 32.1°C | Hum: 73.1%"
"12:02:04.968 -> Soil: 85.0% | Temp: 32.1°C | Hum: 73.1%"
"12:02:09.966 -> Soil: 85.0% | Temp: 32.1°C | Hum: 72.6%"
"12:02:14.979 -> Soil: 85.0% | Temp: 32.1°C | Hum: 72.7%"
"12:02:19.981 -> Soil: 85.0% | Temp: 32.1°C | Hum: 72.8%"
"12:02:24.987 -> Soil: 85.0% | Temp: 32.0°C | Hum: 72.8%"
"12:02:30.008 -> Soil: 84.0% | Temp: 32.1°C | Hum: 72.5%"
"12:02:34.968 -> Soil: 85.0% | Temp: 32.0°C | Hum: 72.6%"
"12:02:39.971 -> Soil: 85.0% | Temp: 32.0°C | Hum: 72.5%"
"12:02:44.982 -> Soil: 84.0% | Temp: 32.0°C | Hum: 72.7%"
"12:02:49.990 -> Soil: 84.0% | Temp: 32.0°C | Hum: 72.7%"
"12:02:54.996 -> Soil: 85.0% | Temp: 32.0°C | Hum: 72.8%"
"12:03:00.008 -> Soil: 85.0% | Temp: 32.0°C | Hum: 72.6%"
"12:03:04.973 -> Soil: 85.0% | Temp: 32.0°C | Hum: 72.8%"
"12:03:09.980 -> Soil: 85.0% | Temp: 32.0°C | Hum: 72.8%"
"12:03:14.993 -> Soil: 84.0% | Temp: 32.0°C | Hum: 73.0%"
"12:03:19.988 -> Soil: 85.0% | Temp: 32.0°C | Hum: 73.0%"
"12:03:24.990 -> Soil: 85.0% | Temp: 32.0°C | Hum: 72.7%"
"12:03:29.999 -> Soil: 84.0% | Temp: 32.0°C | Hum: 73.1%"
"12:03:34.970 -> Soil: 85.0% | Temp: 32.0°C | Hum: 72.9%"
"12:03:39.975 -> Soil: 85.0% | Temp: 32.0°C | Hum: 72.8%"
"12:03:44.983 -> Soil: 85.0% | Temp: 32.0°C | Hum: 72.7%"
"12:03:50.001 -> Soil: 85.0% | Temp: 32.0°C | Hum: 72.8%"
"12:03:54.965 -> Soil: 85.0% | Temp: 32.0°C | Hum: 72.9%"
"12:03:59.963 -> Soil: 84.0% | Temp: 31.9°C | Hum: 73.0%"
"12:04:05.005 -> Soil: 85.0% | Temp: 32.0°C | Hum: 73.0%"
"12:04:09.961 -> Soil: 85.0% | Temp: 32.0°C | Hum: 72.8%"
"12:04:14.965 -> Soil: 85.0% | Temp: 32.0°C | Hum: 72.9%"
"12:04:19.973 -> Soil: 84.0% | Temp: 31.9°C | Hum: 72.9%"
"12:04:24.977 -> Soil: 84.0% | Temp: 32.0°C | Hum: 72.6%"
"12:04:29.975 -> Soil: 85.0% | Temp: 31.9°C | Hum: 72.8%"
"12:04:34.975 -> Soil: 85.0% | Temp: 31.9°C | Hum: 72.5%"
"12:04:39.977 -> Soil: 85.0% | Temp: 31.9°C | Hum: 72.5%"
"12:04:44.989 -> Soil: 84.0% | Temp: 31.9°C | Hum: 72.5%"
"12:04:49.995 -> Soil: 84.0% | Temp: 31.9°C | Hum: 72.6%"
"12:04:54.999 -> Soil: 85.0% | Temp: 31.9°C | Hum: 72.7%"
"12:04:59.963 -> Soil: 85.0% | Temp: 31.9°C | Hum: 72.6%"
"12:05:04.974 -> Soil: 85.0% | Temp: 31.9°C | Hum: 72.6%"
"12:05:09.980 -> Soil: 85.0% | Temp: 31.9°C | Hum: 72.6%"
"12:05:14.983 -> Soil: 84.0% | Temp: 31.9°C | Hum: 72.8%"
"12:05:19.998 -> Soil: 85.0% | Temp: 31.9°C | Hum: 72.9%"
"12:05:25.006 -> Soil: 85.0% | Temp: 31.9°C | Hum: 73.0%"
"12:05:29.969 -> Soil: 85.0% | Temp: 31.9°C | Hum: 72.9%"
"12:05:34.976 -> Soil: 85.0% | Temp: 31.9°C | Hum: 73.0%"
"12:05:39.984 -> Soil: 85.0% | Temp: 31.9°C | Hum: 72.8%"
"12:05:44.993 -> Soil: 85.0% | Temp: 31.9°C | Hum: 72.8%"
"12:05:50.001 -> Soil: 85.0% | Temp: 31.9°C | Hum: 72.9%"
"12:05:55.004 -> Soil: 85.0% | Temp: 31.9°C | Hum: 72.5%"
"12:05:59.959 -> Soil: 85.0% | Temp: 31.8°C | Hum: 72.7%"
"12:06:04.996 -> Soil: 85.0% | Temp: 31.9°C | Hum: 72.4%"
"12:06:09.960 -> Soil: 85.0% | Temp: 31.9°C | Hum: 72.5%"
"12:06:14.967 -> Soil: 85.0% | Temp: 31.9°C | Hum: 72.6%"
"12:06:19.974 -> Soil: 85.0% | Temp: 31.9°C | Hum: 72.6%"
"12:06:24.985 -> Soil: 85.0% | Temp: 31.9°C | Hum: 72.7%"
"12:06:29.997 -> Soil: 84.0% | Temp: 31.9°C | Hum: 72.6%"
"12:06:35.002 -> Soil: 85.0% | Temp: 31.9°C | Hum: 72.6%"
"12:06:39.983 -> Soil: 85.0% | Temp: 31.9°C | Hum: 72.9%"
"12:06:44.966 -> Soil: 85.0% | Temp: 31.9°C | Hum: 72.8%"
"12:06:50.001 -> Soil: 84.0% | Temp: 31.9°C | Hum: 72.9%"
"12:06:54.997 -> Soil: 84.0% | Temp: 31.9°C | Hum: 72.6%"
"12:06:59.997 -> Soil: 85.0% | Temp: 31.9°C | Hum: 72.6%"
"12:07:04.985 -> Soil: 85.0% | Temp: 31.9°C | Hum: 72.6%"
"12:07:09.979 -> Soil: 85.0% | Temp: 31.9°C | Hum: 72.6%"
"12:07:14.974 -> Soil: 84.0% | Temp: 31.9°C | Hum: 72.7%"
"12:07:19.968 -> Soil: 85.0% | Temp: 31.9°C | Hum: 72.7%"
"12:07:24.972 -> Soil: 85.0% | Temp: 31.9°C | Hum: 72.6%"
"12:07:29.966 -> Soil: 85.0% | Temp: 31.9°C | Hum: 72.9%"
"12:07:35.001 -> Soil: 85.0% | Temp: 31.9°C | Hum: 72.5%"
"12:07:39.987 -> Soil: 85.0% | Temp: 31.9°C | Hum: 72.8%"
"12:07:44.997 -> Soil: 85.0% | Temp: 31.9°C | Hum: 72.9%"
"12:07:49.991 -> Soil: 85.0% | Temp: 31.9°C | Hum: 72.8%"
"12:07:54.990 -> Soil: 85.0% | Temp: 31.9°C | Hum: 72.8%"
"12:07:59.996 -> Soil: 84.0% | Temp: 31.9°C | Hum: 72.7%"
"12:08:05.002 -> Soil: 84.0% | Temp: 31.9°C | Hum: 73.0%"
"12:08:09.964 -> Soil: 84.0% | Temp: 31.9°C | Hum: 73.1%"
"12:08:14.963 -> Soil: 85.0% | Temp: 31.9°C | Hum: 73.2%"
"12:08:19.968 -> Soil: 85.0% | Temp: 31.9°C | Hum: 73.3%"
"12:08:24.973 -> Soil: 85.0% | Temp: 31.9°C | Hum: 73.0%"
"12:08:29.982 -> Soil: 84.0% | Temp: 31.9°C | Hum: 73.0%"
"12:08:34.987 -> Soil: 85.0% | Temp: 31.9°C | Hum: 72.9%"
"12:08:39.999 -> Soil: 85.0% | Temp: 31.9°C | Hum: 72.7%"
"12:08:44.958 -> Soil: 85.0% | Temp: 31.9°C | Hum: 72.8%"
"12:08:49.968 -> Soil: 85.0% | Temp: 31.9°C | Hum: 72.8%"
"12:08:54.981 -> Soil: 85.0% | Temp: 31.9°C | Hum: 72.6%"
"12:08:59.990 -> Soil: 85.0% | Temp: 31.9°C | Hum: 72.7%"
"12:09:04.995 -> Soil: 84.0% | Temp: 31.9°C | Hum: 72.8%"
"12:09:10.000 -> Soil: 85.0% | Temp: 31.9°C | Hum: 72.6%"
"12:09:14.959 -> Soil: 84.0% | Temp: 31.9°C | Hum: 72.8%"
"12:09:19.961 -> Soil: 84.0% | Temp: 31.9°C | Hum: 72.6%"
"12:09:24.964 -> Soil: 85.0% | Temp: 31.9°C | Hum: 72.7%"
"12:09:29.985 -> Soil: 84.0% | Temp: 31.9°C | Hum: 72.8%"
"12:09:34.993 -> Soil: 84.0% | Temp: 31.9°C | Hum: 72.7%"
"12:09:39.953 -> Soil: 85.0% | Temp: 31.9°C | Hum: 72.6%"
"12:09:44.964 -> Soil: 85.0% | Temp: 31.9°C | Hum: 72.8%"
"12:09:49.970 -> Soil: 85.0% | Temp: 31.9°C | Hum: 72.6%"
"12:09:54.980 -> Soil: 84.0% | Temp: 31.9°C | Hum: 72.8%"
"12:09:59.975 -> Soil: 84.0% | Temp: 31.9°C | Hum: 72.8%"
"12:10:04.989 -> Soil: 85.0% | Temp: 31.9°C | Hum: 72.9%"
"12:10:09.954 -> Soil: 84.0% | Temp: 31.9°C | Hum: 72.6%"
"12:10:14.961 -> Soil: 84.0% | Temp: 31.9°C | Hum: 73.0%"
"12:10:19.969 -> Soil: 85.0% | Temp: 31.9°C | Hum: 72.8%"
"12:10:24.977 -> Soil: 85.0% | Temp: 31.9°C | Hum: 72.9%"
"12:10:29.981 -> Soil: 85.0% | Temp: 31.9°C | Hum: 73.2%"
"12:10:34.981 -> Soil: 85.0% | Temp: 31.9°C | Hum: 73.1%"
"12:10:39.982 -> Soil: 85.0% | Temp: 31.9°C | Hum: 73.1%"
"12:10:44.990 -> Soil: 84.0% | Temp: 31.9°C | Hum: 72.6%"
"12:10:49.954 -> Soil: 84.0% | Temp: 32.0°C | Hum: 72.6%"
"12:10:54.965 -> Soil: 84.0% | Temp: 31.9°C | Hum: 72.7%"
"12:10:59.975 -> Soil: 85.0% | Temp: 32.0°C | Hum: 73.0%"
"12:11:04.984 -> Soil: 85.0% | Temp: 31.9°C | Hum: 72.9%"
"12:11:09.988 -> Soil: 84.0% | Temp: 31.9°C | Hum: 73.0%"
"12:11:14.992 -> Soil: 85.0% | Temp: 31.9°C | Hum: 72.8%"
"12:11:19.955 -> Soil: 85.0% | Temp: 31.9°C | Hum: 72.9%"
"12:11:24.958 -> Soil: 85.0% | Temp: 32.0°C | Hum: 72.8%"
"12:11:29.975 -> Soil: 84.0% | Temp: 31.9°C | Hum: 72.8%"
"12:11:34.983 -> Soil: 84.0% | Temp: 31.9°C | Hum: 72.9%"
"12:11:39.982 -> Soil: 85.0% | Temp: 31.9°C | Hum: 72.8%"
"12:11:44.990 -> Soil: 84.0% | Temp: 31.9°C | Hum: 72.8%"
"12:11:49.954 -> Soil: 84.0% | Temp: 31.9°C | Hum: 72.5%"
"12:11:54.962 -> Soil: 84.0% | Temp: 31.9°C | Hum: 72.8%"
"12:11:59.970 -> Soil: 85.0% | Temp: 31.9°C | Hum: 72.5%"
"12:12:04.974 -> Soil: 84.0% | Temp: 31.9°C | Hum: 72.7%"
"12:12:09.964 -> Soil: 84.0% | Temp: 31.9°C | Hum: 72.9%"
"12:12:14.973 -> Soil: 85.0% | Temp: 32.0°C | Hum: 72.6%"
"12:12:19.980 -> Soil: 84.0% | Temp: 32.0°C | Hum: 72.6%"
"12:12:24.977 -> Soil: 85.0% | Temp: 32.0°C | Hum: 73.1%"
"12:12:29.977 -> Soil: 84.0% | Temp: 32.0°C | Hum: 72.9%"
"12:12:34.982 -> Soil: 85.0% | Temp: 31.9°C | Hum: 72.9%"
"12:12:39.981 -> Soil: 85.0% | Temp: 31.9°C | Hum: 72.9%"
"12:12:44.983 -> Soil: 85.0% | Temp: 32.0°C | Hum: 72.8%"
"12:12:49.986 -> Soil: 85.0% | Temp: 32.0°C | Hum: 72.6%"
"12:12:54.995 -> Soil: 85.0% | Temp: 32.0°C | Hum: 72.7%"
"12:12:59.957 -> Soil: 85.0% | Temp: 32.0°C | Hum: 72.7%"
"12:13:04.968 -> Soil: 85.0% | Temp: 31.9°C | Hum: 72.9%"
"12:13:09.967 -> Soil: 85.0% | Temp: 32.0°C | Hum: 72.9%"
"12:13:14.970 -> Soil: 85.0% | Temp: 32.0°C | Hum: 73.1%"
"12:13:19.970 -> Soil: 85.0% | Temp: 31.9°C | Hum: 72.7%"
"12:13:24.974 -> Soil: 85.0% | Temp: 32.0°C | Hum: 72.8%"
"12:13:29.977 -> Soil: 85.0% | Temp: 31.9°C | Hum: 72.9%"
"12:13:34.979 -> Soil: 85.0% | Temp: 32.0°C | Hum: 72.9%"
"12:13:39.986 -> Soil: 85.0% | Temp: 32.0°C | Hum: 72.6%"
"12:13:44.990 -> Soil: 85.0% | Temp: 31.9°C | Hum: 72.6%"
"12:13:49.954 -> Soil: 84.0% | Temp: 32.0°C | Hum: 72.6%"
"12:13:54.976 -> Soil: 85.0% | Temp: 32.0°C | Hum: 72.8%"
"12:13:59.958 -> Soil: 85.0% | Temp: 32.0°C | Hum: 72.7%"
"12:14:04.984 -> Soil: 85.0% | Temp: 32.0°C | Hum: 72.7%"
"12:14:09.981 -> Soil: 85.0% | Temp: 32.0°C | Hum: 72.4%"
"12:14:14.976 -> Soil: 85.0% | Temp: 31.9°C | Hum: 72.8%"
"12:14:19.973 -> Soil: 85.0% | Temp: 31.9°C | Hum: 72.6%"
"12:14:24.968 -> Soil: 85.0% | Temp: 32.0°C | Hum: 73.2%"
"12:14:29.963 -> Soil: 85.0% | Temp: 31.9°C | Hum: 72.5%"
"12:14:34.963 -> Soil: 85.0% | Temp: 32.0°C | Hum: 72.6%"
"12:14:39.954 -> Soil: 85.0% | Temp: 32.0°C | Hum: 72.6%"
"12:14:44.947 -> Soil: 85.0% | Temp: 32.0°C | Hum: 72.5%"
"12:14:49.984 -> Soil: 85.0% | Temp: 31.9°C | Hum: 72.1%"
"12:14:54.970 -> Soil: 85.0% | Temp: 32.0°C | Hum: 72.1%"
"12:14:59.970 -> Soil: 85.0% | Temp: 32.0°C | Hum: 72.1%"
"12:15:04.965 -> Soil: 85.0% | Temp: 31.9°C | Hum: 72.3%"
"12:15:09.968 -> Soil: 85.0% | Temp: 32.0°C | Hum: 72.5%"
"12:15:14.964 -> Soil: 85.0% | Temp: 32.0°C | Hum: 72.4%"
"12:15:19.963 -> Soil: 85.0% | Temp: 32.0°C | Hum: 72.4%"
"12:15:24.952 -> Soil: 85.0% | Temp: 32.0°C | Hum: 72.4%"
"12:15:29.947 -> Soil: 85.0% | Temp: 31.9°C | Hum: 72.4%"
"12:15:34.989 -> Soil: 85.0% | Temp: 32.0°C | Hum: 72.6%"
"12:15:39.983 -> Soil: 85.0% | Temp: 32.0°C | Hum: 72.5%"
"12:15:44.979 -> Soil: 84.0% | Temp: 32.0°C | Hum: 72.7%"
"12:15:49.976 -> Soil: 85.0% | Temp: 31.9°C | Hum: 72.7%"
"12:15:54.974 -> Soil: 85.0% | Temp: 32.0°C | Hum: 72.7%"
"12:15:59.973 -> Soil: 85.0% | Temp: 32.0°C | Hum: 72.6%"
"12:16:04.964 -> Soil: 84.0% | Temp: 32.0°C | Hum: 72.7%"
"12:16:09.967 -> Soil: 85.0% | Temp: 31.9°C | Hum: 72.6%"
"12:16:14.964 -> Soil: 85.0% | Temp: 31.9°C | Hum: 72.8%"
"12:16:19.956 -> Soil: 85.0% | Temp: 31.9°C | Hum: 72.8%"
"12:16:24.948 -> Soil: 85.0% | Temp: 32.0°C | Hum: 72.7%"
"12:16:29.947 -> Soil: 85.0% | Temp: 32.0°C | Hum: 72.6%"
"12:16:34.986 -> Soil: 85.0% | Temp: 32.0°C | Hum: 72.6%"
"12:16:39.979 -> Soil: 85.0% | Temp: 32.0°C | Hum: 72.7%"
"12:16:44.980 -> Soil: 84.0% | Temp: 32.0°C | Hum: 72.6%"
"12:16:49.975 -> Soil: 85.0% | Temp: 32.0°C | Hum: 72.8%"
"12:16:54.969 -> Soil: 85.0% | Temp: 32.0°C | Hum: 73.2%"
"12:16:59.965 -> Soil: 84.0% | Temp: 32.0°C | Hum: 72.9%"
"12:17:04.966 -> Soil: 84.0% | Temp: 32.0°C | Hum: 73.0%"
"12:17:09.955 -> Soil: 85.0% | Temp: 32.0°C | Hum: 72.8%"
"12:17:14.943 -> Soil: 84.0% | Temp: 32.0°C | Hum: 72.8%"
"12:17:19.984 -> Soil: 84.0% | Temp: 32.0°C | Hum: 72.9%"
"12:17:24.942 -> Soil: 84.0% | Temp: 32.0°C | Hum: 73.1%"
"12:17:29.979 -> Soil: 85.0% | Temp: 32.0°C | Hum: 73.0%"
"12:17:34.971 -> Soil: 84.0% | Temp: 32.0°C | Hum: 73.1%"
"12:17:39.963 -> Soil: 84.0% | Temp: 32.0°C | Hum: 73.0%"
"12:17:44.963 -> Soil: 85.0% | Temp: 32.0°C | Hum: 72.9%"
"12:17:49.954 -> Soil: 84.0% | Temp: 32.0°C | Hum: 73.1%"
"12:17:54.957 -> Soil: 84.0% | Temp: 32.0°C | Hum: 72.8%"
"12:17:59.976 -> Soil: 84.0% | Temp: 32.0°C | Hum: 72.7%"
"12:18:04.978 -> Soil: 85.0% | Temp: 32.0°C | Hum: 72.7%"
"12:18:09.986 -> Soil: 84.0% | Temp: 32.0°C | Hum: 72.9%"
"12:18:14.948 -> Soil: 85.0% | Temp: 32.1°C | Hum: 72.7%"
"12:18:19.968 -> Soil: 84.0% | Temp: 32.0°C | Hum: 72.8%"
"12:18:24.987 -> Soil: 85.0% | Temp: 32.0°C | Hum: 72.8%"
"12:18:29.974 -> Soil: 84.0% | Temp: 32.0°C | Hum: 72.9%"
"12:18:34.983 -> Soil: 84.0% | Temp: 32.0°C | Hum: 73.0%"
"12:18:39.956 -> Soil: 84.0% | Temp: 32.0°C | Hum: 72.9%"
"12:18:44.984 -> Soil: 84.0% | Temp: 32.0°C | Hum: 72.8%"
"12:18:49.963 -> Soil: 84.0% | Temp: 32.0°C | Hum: 72.9%"
"12:18:54.954 -> Soil: 84.0% | Temp: 32.0°C | Hum: 73.2%"
"12:18:59.940 -> Soil: 84.0% | Temp: 32.0°C | Hum: 73.3%"
"12:19:04.980 -> Soil: 85.0% | Temp: 32.0°C | Hum: 73.2%"
"12:19:09.978 -> Soil: 85.0% | Temp: 32.0°C | Hum: 73.1%"
"12:19:14.962 -> Soil: 84.0% | Temp: 32.1°C | Hum: 73.0%"
"12:19:19.977 -> Soil: 84.0% | Temp: 32.0°C | Hum: 72.9%"
"12:19:24.947 -> Soil: 84.0% | Temp: 32.0°C | Hum: 73.1%"
"12:19:29.975 -> Soil: 84.0% | Temp: 32.0°C | Hum: 72.9%"
"12:19:34.946 -> Soil: 84.0% | Temp: 32.0°C | Hum: 72.8%"
"12:19:39.974 -> Soil: 84.0% | Temp: 32.0°C | Hum: 73.1%"
"12:19:44.962 -> Soil: 84.0% | Temp: 32.1°C | Hum: 73.1%"
"12:19:49.975 -> Soil: 84.0% | Temp: 32.1°C | Hum: 73.1%"
"12:19:54.955 -> Soil: 84.0% | Temp: 32.1°C | Hum: 73.1%"
"12:19:59.942 -> Soil: 85.0% | Temp: 32.1°C | Hum: 73.3%"
"12:20:04.984 -> Soil: 84.0% | Temp: 32.0°C | Hum: 73.1%"
"12:20:09.979 -> Soil: 84.0% | Temp: 32.0°C | Hum: 73.1%"
"12:20:14.972 -> Soil: 84.0% | Temp: 32.0°C | Hum: 73.2%"
"12:20:19.948 -> Soil: 84.0% | Temp: 32.0°C | Hum: 73.1%"
"12:20:24.976 -> Soil: 85.0% | Temp: 32.1°C | Hum: 73.3%"
"12:20:29.949 -> Soil: 84.0% | Temp: 32.1°C | Hum: 73.2%"
"12:20:34.972 -> Soil: 84.0% | Temp: 32.1°C | Hum: 73.2%"
"12:20:39.968 -> Soil: 84.0% | Temp: 32.1°C | Hum: 73.4%"
"12:20:44.964 -> Soil: 84.0% | Temp: 32.1°C | Hum: 73.1%"
"12:20:49.963 -> Soil: 84.0% | Temp: 32.1°C | Hum: 73.2%"
"12:20:54.959 -> Soil: 84.0% | Temp: 32.1°C | Hum: 73.2%"
"12:20:59.954 -> Soil: 84.0% | Temp: 32.1°C | Hum: 73.2%"
"12:21:04.941 -> Soil: 84.0% | Temp: 32.1°C | Hum: 73.3%"
"12:21:09.982 -> Soil: 84.0% | Temp: 32.1°C | Hum: 73.2%"
"12:21:14.964 -> Soil: 84.0% | Temp: 32.1°C | Hum: 73.3%"
"12:21:19.953 -> Soil: 84.0% | Temp: 32.2°C | Hum: 73.2%"
"12:21:24.947 -> Soil: 84.0% | Temp: 32.1°C | Hum: 73.4%"
"12:21:29.938 -> Soil: 84.0% | Temp: 32.1°C | Hum: 73.2%"
"12:21:34.978 -> Soil: 84.0% | Temp: 32.1°C | Hum: 73.2%"
"12:21:39.969 -> Soil: 84.0% | Temp: 32.1°C | Hum: 73.2%"
"12:21:44.962 -> Soil: 84.0% | Temp: 32.1°C | Hum: 73.5%"
"12:21:49.962 -> Soil: 85.0% | Temp: 32.1°C | Hum: 73.1%"
"12:21:54.959 -> Soil: 84.0% | Temp: 32.1°C | Hum: 72.9%"
"12:21:59.949 -> Soil: 84.0% | Temp: 32.1°C | Hum: 72.8%"
"12:22:04.939 -> Soil: 84.0% | Temp: 32.1°C | Hum: 72.8%"
"12:22:09.938 -> Soil: 85.0% | Temp: 32.1°C | Hum: 72.7%"
"12:22:14.979 -> Soil: 84.0% | Temp: 32.1°C | Hum: 72.5%"
"12:22:19.978 -> Soil: 84.0% | Temp: 32.1°C | Hum: 72.4%"
"12:22:24.962 -> Soil: 85.0% | Temp: 32.1°C | Hum: 72.6%"
"12:22:29.955 -> Soil: 84.0% | Temp: 32.1°C | Hum: 72.6%"
"12:22:34.950 -> Soil: 84.0% | Temp: 32.1°C | Hum: 72.5%"
"12:22:39.947 -> Soil: 84.0% | Temp: 32.1°C | Hum: 72.4%"
"12:22:44.937 -> Soil: 84.0% | Temp: 32.1°C | Hum: 72.5%"
"12:22:49.979 -> Soil: 84.0% | Temp: 32.1°C | Hum: 72.7%"
"12:22:54.976 -> Soil: 84.0% | Temp: 32.1°C | Hum: 72.4%"
"12:22:59.975 -> Soil: 84.0% | Temp: 32.1°C | Hum: 72.4%"
"12:23:04.979 -> Soil: 84.0% | Temp: 32.1°C | Hum: 72.5%"
"12:23:09.975 -> Soil: 84.0% | Temp: 32.1°C | Hum: 72.5%"
"12:23:14.975 -> Soil: 84.0% | Temp: 32.1°C | Hum: 72.6%"
"12:23:19.970 -> Soil: 84.0% | Temp: 32.1°C | Hum: 72.6%"
"12:23:24.962 -> Soil: 84.0% | Temp: 32.1°C | Hum: 72.6%"
"12:23:29.950 -> Soil: 84.0% | Temp: 32.1°C | Hum: 72.7%"
"12:23:34.951 -> Soil: 84.0% | Temp: 32.1°C | Hum: 72.7%"
"12:23:39.946 -> Soil: 84.0% | Temp: 32.1°C | Hum: 72.7%"
"12:23:44.978 -> Soil: 84.0% | Temp: 32.1°C | Hum: 72.9%"
"12:23:49.977 -> Soil: 84.0% | Temp: 32.1°C | Hum: 73.0%"
"12:23:54.975 -> Soil: 84.0% | Temp: 32.1°C | Hum: 72.9%"
"12:23:59.964 -> Soil: 84.0% | Temp: 32.1°C | Hum: 72.9%"
"12:24:04.947 -> Soil: 84.0% | Temp: 32.1°C | Hum: 73.1%"
"12:24:09.937 -> Soil: 84.0% | Temp: 32.1°C | Hum: 72.9%"
"12:24:14.973 -> Soil: 84.0% | Temp: 32.1°C | Hum: 72.8%"
"12:24:19.960 -> Soil: 84.0% | Temp: 32.1°C | Hum: 72.7%"
"12:24:24.950 -> Soil: 84.0% | Temp: 32.1°C | Hum: 72.9%"
"12:24:29.939 -> Soil: 84.0% | Temp: 32.1°C | Hum: 72.9%"
"12:24:34.936 -> Soil: 84.0% | Temp: 32.1°C | Hum: 72.9%"
"12:24:39.932 -> Soil: 84.0% | Temp: 32.2°C | Hum: 73.0%"
"12:24:44.932 -> Soil: 84.0% | Temp: 32.1°C | Hum: 73.2%"
"12:24:49.969 -> Soil: 84.0% | Temp: 32.1°C | Hum: 72.9%"
"12:24:54.968 -> Soil: 84.0% | Temp: 32.2°C | Hum: 73.1%"
"12:24:59.965 -> Soil: 84.0% | Temp: 32.2°C | Hum: 72.9%"
"12:25:04.960 -> Soil: 84.0% | Temp: 32.2°C | Hum: 73.1%"
"12:25:09.954 -> Soil: 84.0% | Temp: 32.2°C | Hum: 72.8%"
"12:25:14.951 -> Soil: 84.0% | Temp: 32.1°C | Hum: 72.9%"
"12:25:19.947 -> Soil: 85.0% | Temp: 32.1°C | Hum: 72.7%"
"12:25:24.938 -> Soil: 84.0% | Temp: 32.2°C | Hum: 72.8%"
"12:25:29.976 -> Soil: 84.0% | Temp: 32.1°C | Hum: 73.0%"
"12:25:34.964 -> Soil: 84.0% | Temp: 32.1°C | Hum: 72.8%"
"12:25:39.964 -> Soil: 84.0% | Temp: 32.2°C | Hum: 72.6%"
"12:25:44.957 -> Soil: 84.0% | Temp: 32.1°C | Hum: 72.6%"
"12:25:49.956 -> Soil: 84.0% | Temp: 32.1°C | Hum: 72.6%"
"12:25:54.947 -> Soil: 84.0% | Temp: 32.2°C | Hum: 72.6%"
"12:25:59.940 -> Soil: 84.0% | Temp: 32.2°C | Hum: 72.6%"
"12:26:04.932 -> Soil: 84.0% | Temp: 32.1°C | Hum: 72.5%"
"12:26:09.975 -> Soil: 84.0% | Temp: 32.1°C | Hum: 72.6%"
"12:26:14.962 -> Soil: 84.0% | Temp: 32.1°C | Hum: 72.7%"
"12:26:19.954 -> Soil: 84.0% | Temp: 32.2°C | Hum: 72.7%"
"12:26:24.951 -> Soil: 85.0% | Temp: 32.1°C | Hum: 72.5%"
"12:26:29.931 -> Soil: 84.0% | Temp: 32.1°C | Hum: 72.3%"
"12:26:34.948 -> Soil: 84.0% | Temp: 32.1°C | Hum: 72.3%"
"12:26:39.933 -> Soil: 84.0% | Temp: 32.1°C | Hum: 72.3%"
"12:26:44.929 -> Soil: 84.0% | Temp: 32.1°C | Hum: 72.2%"
"12:26:49.962 -> Soil: 84.0% | Temp: 32.1°C | Hum: 72.1%"
"12:26:54.948 -> Soil: 84.0% | Temp: 32.1°C | Hum: 72.0%"
"12:26:59.948 -> Soil: 84.0% | Temp: 32.1°C | Hum: 72.1%"
"12:27:04.932 -> Soil: 84.0% | Temp: 32.1°C | Hum: 72.0%"
"12:27:09.957 -> Soil: 84.0% | Temp: 32.1°C | Hum: 72.2%"
"12:27:14.931 -> Soil: 84.0% | Temp: 32.1°C | Hum: 72.0%"
"12:27:19.961 -> Soil: 84.0% | Temp: 32.1°C | Hum: 72.1%"
"12:27:24.969 -> Soil: 84.0% | Temp: 32.1°C | Hum: 72.1%"
"12:27:29.933 -> Soil: 84.0% | Temp: 32.1°C | Hum: 72.1%"
"12:27:34.943 -> Soil: 84.0% | Temp: 32.1°C | Hum: 72.3%"
"12:27:39.958 -> Soil: 84.0% | Temp: 32.1°C | Hum: 72.3%"
"12:27:44.931 -> Soil: 84.0% | Temp: 32.1°C | Hum: 72.3%"
"12:27:49.945 -> Soil: 84.0% | Temp: 32.1°C | Hum: 72.3%"
"12:27:54.961 -> Soil: 84.0% | Temp: 32.1°C | Hum: 72.4%"
"12:27:59.934 -> Soil: 84.0% | Temp: 32.1°C | Hum: 72.3%"
"12:28:04.952 -> Soil: 84.0% | Temp: 32.1°C | Hum: 72.5%"
"12:28:09.968 -> Soil: 84.0% | Temp: 32.1°C | Hum: 72.4%"
"12:28:14.941 -> Soil: 84.0% | Temp: 32.0°C | Hum: 72.5%"
"12:28:19.955 -> Soil: 83.0% | Temp: 32.1°C | Hum: 72.3%"
"12:28:24.970 -> Soil: 84.0% | Temp: 32.1°C | Hum: 72.4%"
"12:28:29.952 -> Soil: 84.0% | Temp: 32.1°C | Hum: 72.5%"
"12:28:34.935 -> Soil: 84.0% | Temp: 32.1°C | Hum: 72.5%"
"12:28:39.931 -> Soil: 84.0% | Temp: 32.1°C | Hum: 72.5%"
"12:28:44.929 -> Soil: 83.0% | Temp: 32.1°C | Hum: 72.8%"
"12:28:49.965 -> Soil: 83.0% | Temp: 32.1°C | Hum: 72.7%"
"12:28:54.960 -> Soil: 84.0% | Temp: 32.1°C | Hum: 72.7%"
"12:28:59.950 -> Soil: 84.0% | Temp: 32.1°C | Hum: 72.6%"
"12:29:04.949 -> Soil: 83.0% | Temp: 32.1°C | Hum: 72.7%"
"12:29:09.942 -> Soil: 83.0% | Temp: 32.2°C | Hum: 72.7%"
"12:29:14.943 -> Soil: 83.0% | Temp: 32.1°C | Hum: 72.9%"
"12:29:19.942 -> Soil: 83.0% | Temp: 32.1°C | Hum: 72.7%"
"12:29:24.933 -> Soil: 83.0% | Temp: 32.1°C | Hum: 72.6%"
"12:29:29.967 -> Soil: 83.0% | Temp: 32.1°C | Hum: 72.7%"
"12:29:34.957 -> Soil: 83.0% | Temp: 32.1°C | Hum: 72.5%"
"12:29:39.962 -> Soil: 83.0% | Temp: 32.1°C | Hum: 72.8%"
"12:29:44.957 -> Soil: 83.0% | Temp: 32.1°C | Hum: 72.8%"
"12:29:49.955 -> Soil: 83.0% | Temp: 32.2°C | Hum: 72.7%"
"12:29:54.949 -> Soil: 83.0% | Temp: 32.1°C | Hum: 72.8%"
"12:29:59.944 -> Soil: 84.0% | Temp: 32.2°C | Hum: 72.9%"
"12:30:04.940 -> Soil: 84.0% | Temp: 32.1°C | Hum: 72.6%"
"12:30:09.932 -> Soil: 83.0% | Temp: 32.2°C | Hum: 72.6%"
"12:30:14.965 -> Soil: 83.0% | Temp: 32.1°C | Hum: 72.5%"
"12:30:19.962 -> Soil: 83.0% | Temp: 32.1°C | Hum: 72.6%"
"12:30:24.952 -> Soil: 83.0% | Temp: 32.2°C | Hum: 72.6%"
"12:30:29.945 -> Soil: 84.0% | Temp: 32.2°C | Hum: 72.7%"
"12:30:34.938 -> Soil: 83.0% | Temp: 32.1°C | Hum: 72.6%"
"12:30:39.967 -> Soil: 83.0% | Temp: 32.1°C | Hum: 72.8%"
"12:30:44.957 -> Soil: 83.0% | Temp: 32.1°C | Hum: 73.0%"
"12:30:49.953 -> Soil: 83.0% | Temp: 32.1°C | Hum: 72.7%"
"12:30:54.957 -> Soil: 83.0% | Temp: 32.1°C | Hum: 72.5%"
"12:30:59.948 -> Soil: 83.0% | Temp: 32.2°C | Hum: 72.5%"
"12:31:04.936 -> Soil: 83.0% | Temp: 32.1°C | Hum: 72.5%"
"12:31:09.934 -> Soil: 83.0% | Temp: 32.1°C | Hum: 72.4%"
"12:31:14.965 -> Soil: 83.0% | Temp: 32.1°C | Hum: 72.4%"
"12:31:19.962 -> Soil: 83.0% | Temp: 32.2°C | Hum: 72.6%"
"12:31:24.950 -> Soil: 83.0% | Temp: 32.2°C | Hum: 72.3%"
"12:31:29.931 -> Soil: 83.0% | Temp: 32.2°C | Hum: 72.5%"
"12:31:34.929 -> Soil: 83.0% | Temp: 32.2°C | Hum: 72.3%"
"12:31:39.931 -> Soil: 82.0% | Temp: 32.2°C | Hum: 72.3%"
"12:31:44.963 -> Soil: 83.0% | Temp: 32.2°C | Hum: 72.2%"
"12:31:49.963 -> Soil: 82.0% | Temp: 32.2°C | Hum: 72.2%"
"12:31:54.964 -> Soil: 83.0% | Temp: 32.2°C | Hum: 72.3%"
"12:31:59.951 -> Soil: 83.0% | Temp: 32.2°C | Hum: 72.3%"
"12:32:04.947 -> Soil: 83.0% | Temp: 32.2°C | Hum: 72.4%"
"12:32:09.936 -> Soil: 83.0% | Temp: 32.2°C | Hum: 72.2%"
"12:32:14.932 -> Soil: 83.0% | Temp: 32.2°C | Hum: 72.5%"
"12:32:19.928 -> Soil: 82.0% | Temp: 32.2°C | Hum: 72.4%"
"12:32:24.927 -> Soil: 83.0% | Temp: 32.2°C | Hum: 72.3%"
"12:32:29.919 -> Soil: 83.0% | Temp: 32.2°C | Hum: 72.2%"
"12:32:34.965 -> Soil: 83.0% | Temp: 32.2°C | Hum: 72.2%"
"12:32:39.962 -> Soil: 83.0% | Temp: 32.2°C | Hum: 72.2%"
"12:32:44.947 -> Soil: 83.0% | Temp: 32.2°C | Hum: 72.1%"
"12:32:49.931 -> Soil: 82.0% | Temp: 32.2°C | Hum: 72.3%"
"12:32:54.932 -> Soil: 83.0% | Temp: 32.2°C | Hum: 72.3%"
"12:32:59.921 -> Soil: 82.0% | Temp: 32.2°C | Hum: 72.2%"
"12:33:04.964 -> Soil: 82.0% | Temp: 32.2°C | Hum: 72.1%"
"12:33:09.947 -> Soil: 82.0% | Temp: 32.2°C | Hum: 72.1%"
"12:33:14.946 -> Soil: 82.0% | Temp: 32.2°C | Hum: 71.8%"
"12:33:19.947 -> Soil: 83.0% | Temp: 32.2°C | Hum: 71.9%"
"12:33:24.941 -> Soil: 83.0% | Temp: 32.2°C | Hum: 71.9%"
"12:33:29.941 -> Soil: 82.0% | Temp: 32.2°C | Hum: 72.0%"
"12:33:34.943 -> Soil: 82.0% | Temp: 32.2°C | Hum: 71.8%"
"12:33:39.942 -> Soil: 82.0% | Temp: 32.2°C | Hum: 71.8%"
"12:33:44.925 -> Soil: 82.0% | Temp: 32.2°C | Hum: 71.7%"
"12:33:49.940 -> Soil: 82.0% | Temp: 32.2°C | Hum: 71.9%"
"12:33:54.963 -> Soil: 82.0% | Temp: 32.2°C | Hum: 71.9%"
"12:33:59.929 -> Soil: 82.0% | Temp: 32.2°C | Hum: 72.0%"
"12:34:04.948 -> Soil: 82.0% | Temp: 32.2°C | Hum: 71.8%"
"12:34:09.928 -> Soil: 83.0% | Temp: 32.2°C | Hum: 71.9%"
"12:34:14.963 -> Soil: 82.0% | Temp: 32.2°C | Hum: 72.0%"
"12:34:19.958 -> Soil: 83.0% | Temp: 32.2°C | Hum: 72.1%"
"12:34:24.935 -> Soil: 83.0% | Temp: 32.2°C | Hum: 71.9%"
"12:34:29.947 -> Soil: 82.0% | Temp: 32.2°C | Hum: 72.0%"
"12:34:34.938 -> Soil: 83.0% | Temp: 32.2°C | Hum: 72.0%"
"12:34:39.928 -> Soil: 82.0% | Temp: 32.2°C | Hum: 72.0%"
"12:34:44.958 -> Soil: 82.0% | Temp: 32.2°C | Hum: 72.1%"
"12:34:49.931 -> Soil: 83.0% | Temp: 32.2°C | Hum: 71.8%"
"12:34:54.919 -> Soil: 82.0% | Temp: 32.2°C | Hum: 71.9%"
"12:34:59.944 -> Soil: 82.0% | Temp: 32.2°C | Hum: 72.1%"
"12:35:04.919 -> Soil: 82.0% | Temp: 32.2°C | Hum: 71.8%"
"12:35:09.948 -> Soil: 82.0% | Temp: 32.2°C | Hum: 72.0%"
"12:35:14.925 -> Soil: 83.0% | Temp: 32.2°C | Hum: 72.0%"
"12:35:19.931 -> Soil: 83.0% | Temp: 32.2°C | Hum: 72.2%"
"12:35:24.962 -> Soil: 82.0% | Temp: 32.2°C | Hum: 72.1%"
"12:35:29.918 -> Soil: 82.0% | Temp: 32.2°C | Hum: 72.1%"
"12:35:34.933 -> Soil: 83.0% | Temp: 32.2°C | Hum: 72.0%"
"12:35:39.923 -> Soil: 83.0% | Temp: 32.2°C | Hum: 72.0%"
"12:35:44.949 -> Soil: 82.0% | Temp: 32.2°C | Hum: 72.0%"
"12:35:49.943 -> Soil: 83.0% | Temp: 32.2°C | Hum: 72.2%"
"12:35:54.960 -> Soil: 83.0% | Temp: 32.2°C | Hum: 72.2%"
"12:35:59.929 -> Soil: 83.0% | Temp: 32.2°C | Hum: 72.1%"
"12:36:04.921 -> Soil: 82.0% | Temp: 32.2°C | Hum: 72.2%"
"12:36:09.939 -> Soil: 83.0% | Temp: 32.2°C | Hum: 72.0%"
"12:36:14.915 -> Soil: 82.0% | Temp: 32.2°C | Hum: 72.4%"
"12:36:19.940 -> Soil: 83.0% | Temp: 32.2°C | Hum: 72.3%"
"12:36:24.918 -> Soil: 83.0% | Temp: 32.2°C | Hum: 72.3%"
"12:36:29.919 -> Soil: 82.0% | Temp: 32.2°C | Hum: 72.3%"
"12:36:34.961 -> Soil: 83.0% | Temp: 32.2°C | Hum: 72.2%"
"12:36:39.952 -> Soil: 83.0% | Temp: 32.2°C | Hum: 72.1%"
"12:36:44.946 -> Soil: 83.0% | Temp: 32.2°C | Hum: 72.2%"
"12:36:49.945 -> Soil: 83.0% | Temp: 32.2°C | Hum: 72.1%"
"12:36:54.923 -> Soil: 83.0% | Temp: 32.2°C | Hum: 72.3%"
"12:36:59.959 -> Soil: 83.0% | Temp: 32.2°C | Hum: 72.2%"
"12:37:04.958 -> Soil: 83.0% | Temp: 32.2°C | Hum: 72.3%"
"12:37:09.957 -> Soil: 83.0% | Temp: 32.2°C | Hum: 72.3%"
"12:37:14.947 -> Soil: 83.0% | Temp: 32.2°C | Hum: 72.2%"
"12:37:19.935 -> Soil: 83.0% | Temp: 32.2°C | Hum: 72.2%"
"12:37:24.932 -> Soil: 83.0% | Temp: 32.1°C | Hum: 72.3%"
"12:37:29.927 -> Soil: 84.0% | Temp: 32.2°C | Hum: 72.2%"
"12:37:34.916 -> Soil: 84.0% | Temp: 32.2°C | Hum: 72.3%"
"12:37:39.952 -> Soil: 83.0% | Temp: 32.2°C | Hum: 72.5%"
"12:37:44.946 -> Soil: 83.0% | Temp: 32.2°C | Hum: 72.3%"
"12:37:49.944 -> Soil: 83.0% | Temp: 32.2°C | Hum: 72.5%"
"12:37:54.934 -> Soil: 84.0% | Temp: 32.2°C | Hum: 72.3%"
"12:37:59.922 -> Soil: 83.0% | Temp: 32.2°C | Hum: 72.4%"
"12:38:04.921 -> Soil: 84.0% | Temp: 32.2°C | Hum: 72.4%"
"12:38:09.916 -> Soil: 83.0% | Temp: 32.2°C | Hum: 72.3%"
"12:38:14.947 -> Soil: 84.0% | Temp: 32.1°C | Hum: 72.4%"
"12:38:19.945 -> Soil: 83.0% | Temp: 32.2°C | Hum: 72.5%"
"12:38:24.938 -> Soil: 84.0% | Temp: 32.2°C | Hum: 72.4%"
"12:38:29.931 -> Soil: 84.0% | Temp: 32.2°C | Hum: 72.3%"
"12:38:34.930 -> Soil: 83.0% | Temp: 32.2°C | Hum: 72.4%"
"12:38:39.923 -> Soil: 84.0% | Temp: 32.2°C | Hum: 72.3%"
"12:38:44.919 -> Soil: 84.0% | Temp: 32.2°C | Hum: 72.2%"
"12:38:49.911 -> Soil: 83.0% | Temp: 32.2°C | Hum: 72.3%"
"12:38:54.913 -> Soil: 83.0% | Temp: 32.2°C | Hum: 72.2%"
"12:38:59.910 -> Soil: 84.0% | Temp: 32.1°C | Hum: 72.2%"
"12:39:04.955 -> Soil: 84.0% | Temp: 32.1°C | Hum: 72.6%"
"12:39:09.946 -> Soil: 84.0% | Temp: 32.2°C | Hum: 72.4%"
"12:39:14.945 -> Soil: 84.0% | Temp: 32.2°C | Hum: 72.2%"
"12:39:19.944 -> Soil: 84.0% | Temp: 32.2°C | Hum: 72.3%"
"12:39:24.944 -> Soil: 84.0% | Temp: 32.2°C | Hum: 72.0%"
"12:39:29.930 -> Soil: 83.0% | Temp: 32.2°C | Hum: 72.4%"
"12:39:34.930 -> Soil: 84.0% | Temp: 32.2°C | Hum: 72.3%"
"12:39:39.926 -> Soil: 83.0% | Temp: 32.1°C | Hum: 72.4%"
"12:39:44.923 -> Soil: 84.0% | Temp: 32.2°C | Hum: 72.4%"
"12:39:49.926 -> Soil: 84.0% | Temp: 32.2°C | Hum: 72.3%"
"12:39:54.914 -> Soil: 84.0% | Temp: 32.2°C | Hum: 72.4%"
"12:39:59.949 -> Soil: 84.0% | Temp: 32.2°C | Hum: 72.2%"
"12:40:04.948 -> Soil: 84.0% | Temp: 32.2°C | Hum: 72.2%"
"12:40:09.938 -> Soil: 84.0% | Temp: 32.2°C | Hum: 72.2%"
"12:40:14.932 -> Soil: 84.0% | Temp: 32.1°C | Hum: 72.4%"
"12:40:19.931 -> Soil: 83.0% | Temp: 32.2°C | Hum: 72.2%"
"12:40:24.925 -> Soil: 84.0% | Temp: 32.1°C | Hum: 72.4%"
"12:40:29.913 -> Soil: 84.0% | Temp: 32.2°C | Hum: 72.2%"
"12:40:34.909 -> Soil: 84.0% | Temp: 32.2°C | Hum: 72.1%"
"12:40:39.911 -> Soil: 83.0% | Temp: 32.2°C | Hum: 72.2%"
"12:40:44.948 -> Soil: 83.0% | Temp: 32.1°C | Hum: 72.0%"
"12:40:49.940 -> Soil: 83.0% | Temp: 32.2°C | Hum: 72.2%"
"12:40:54.928 -> Soil: 84.0% | Temp: 32.2°C | Hum: 72.1%"
"12:40:59.918 -> Soil: 83.0% | Temp: 32.2°C | Hum: 72.4%"
"12:41:04.914 -> Soil: 84.0% | Temp: 32.2°C | Hum: 72.2%"
"12:41:09.910 -> Soil: 83.0% | Temp: 32.2°C | Hum: 72.2%"
"12:41:14.908 -> Soil: 84.0% | Temp: 32.2°C | Hum: 72.1%"
"12:41:19.947 -> Soil: 83.0% | Temp: 32.2°C | Hum: 72.1%"
"12:41:24.945 -> Soil: 84.0% | Temp: 32.2°C | Hum: 72.1%"
"12:41:29.945 -> Soil: 84.0% | Temp: 32.2°C | Hum: 72.1%"
"12:41:34.914 -> Soil: 83.0% | Temp: 32.2°C | Hum: 72.1%"
"12:41:39.930 -> Soil: 84.0% | Temp: 32.2°C | Hum: 72.3%"
"12:41:44.907 -> Soil: 84.0% | Temp: 32.2°C | Hum: 72.2%"
"12:41:49.951 -> Soil: 84.0% | Temp: 32.2°C | Hum: 72.3%"
"12:41:54.932 -> Soil: 84.0% | Temp: 32.2°C | Hum: 72.3%"
"12:41:59.931 -> Soil: 84.0% | Temp: 32.2°C | Hum: 72.1%"
"12:42:04.929 -> Soil: 83.0% | Temp: 32.2°C | Hum: 72.1%"
"12:42:09.924 -> Soil: 84.0% | Temp: 32.2°C | Hum: 72.3%"
"12:42:14.926 -> Soil: 84.0% | Temp: 32.2°C | Hum: 72.3%"
"12:42:19.922 -> Soil: 83.0% | Temp: 32.2°C | Hum: 72.3%"
"12:42:24.921 -> Soil: 84.0% | Temp: 32.2°C | Hum: 72.4%"
"12:42:29.922 -> Soil: 83.0% | Temp: 32.2°C | Hum: 72.3%"
"12:42:34.919 -> Soil: 84.0% | Temp: 32.3°C | Hum: 72.3%"
"12:42:39.916 -> Soil: 84.0% | Temp: 32.2°C | Hum: 72.5%"
"12:42:44.916 -> Soil: 83.0% | Temp: 32.2°C | Hum: 72.3%"
"12:42:49.904 -> Soil: 83.0% | Temp: 32.2°C | Hum: 72.4%"
"12:42:54.948 -> Soil: 83.0% | Temp: 32.2°C | Hum: 72.3%"
"12:42:59.935 -> Soil: 84.0% | Temp: 32.2°C | Hum: 72.0%"
"12:43:04.931 -> Soil: 84.0% | Temp: 32.2°C | Hum: 72.1%"
"12:43:09.924 -> Soil: 84.0% | Temp: 32.2°C | Hum: 72.2%"
"12:43:14.920 -> Soil: 84.0% | Temp: 32.2°C | Hum: 72.3%"
"12:43:19.923 -> Soil: 83.0% | Temp: 32.3°C | Hum: 72.2%"
"12:43:24.916 -> Soil: 84.0% | Temp: 32.3°C | Hum: 72.3%"
"12:43:29.904 -> Soil: 84.0% | Temp: 32.2°C | Hum: 72.3%"
"12:43:34.946 -> Soil: 84.0% | Temp: 32.2°C | Hum: 72.3%"
"12:43:39.940 -> Soil: 84.0% | Temp: 32.3°C | Hum: 72.0%"
"12:43:44.934 -> Soil: 83.0% | Temp: 32.3°C | Hum: 71.9%"
"12:43:49.929 -> Soil: 83.0% | Temp: 32.2°C | Hum: 72.0%"
"12:43:54.934 -> Soil: 83.0% | Temp: 32.3°C | Hum: 72.0%"
"12:43:59.932 -> Soil: 83.0% | Temp: 32.3°C | Hum: 71.9%"
"12:44:04.930 -> Soil: 83.0% | Temp: 32.3°C | Hum: 71.8%"
"12:44:09.925 -> Soil: 84.0% | Temp: 32.3°C | Hum: 72.0%"
"12:44:14.925 -> Soil: 84.0% | Temp: 32.3°C | Hum: 72.0%"
"12:44:19.921 -> Soil: 84.0% | Temp: 32.3°C | Hum: 71.7%"
"12:44:24.928 -> Soil: 83.0% | Temp: 32.3°C | Hum: 71.8%"
"12:44:29.942 -> Soil: 84.0% | Temp: 32.3°C | Hum: 71.6%"
"12:44:34.939 -> Soil: 83.0% | Temp: 32.3°C | Hum: 71.7%"
"12:44:39.932 -> Soil: 83.0% | Temp: 32.3°C | Hum: 71.7%"
"12:44:44.922 -> Soil: 84.0% | Temp: 32.3°C | Hum: 71.7%"
"12:44:49.916 -> Soil: 84.0% | Temp: 32.4°C | Hum: 71.5%"
"12:44:54.903 -> Soil: 84.0% | Temp: 32.4°C | Hum: 71.5%"
"12:44:59.946 -> Soil: 83.0% | Temp: 32.3°C | Hum: 71.5%"
"12:45:04.931 -> Soil: 83.0% | Temp: 32.4°C | Hum: 71.4%"
"12:45:09.916 -> Soil: 83.0% | Temp: 32.3°C | Hum: 71.4%"
"12:45:14.913 -> Soil: 83.0% | Temp: 32.4°C | Hum: 71.5%"
"12:45:19.901 -> Soil: 83.0% | Temp: 32.4°C | Hum: 71.5%"
"12:45:24.901 -> Soil: 83.0% | Temp: 32.3°C | Hum: 71.4%"
"12:45:29.899 -> Soil: 84.0% | Temp: 32.4°C | Hum: 71.2%"
"12:45:34.937 -> Soil: 83.0% | Temp: 32.4°C | Hum: 71.1%"
"12:45:39.931 -> Soil: 83.0% | Temp: 32.4°C | Hum: 71.2%"
"12:45:44.932 -> Soil: 83.0% | Temp: 32.4°C | Hum: 71.3%"
"12:45:49.931 -> Soil: 84.0% | Temp: 32.3°C | Hum: 71.4%"
"12:45:54.916 -> Soil: 83.0% | Temp: 32.4°C | Hum: 71.4%"
"12:45:59.912 -> Soil: 83.0% | Temp: 32.3°C | Hum: 71.4%"
"12:46:04.913 -> Soil: 83.0% | Temp: 32.4°C | Hum: 71.3%"
"12:46:09.914 -> Soil: 83.0% | Temp: 32.4°C | Hum: 71.2%"
"12:46:14.905 -> Soil: 83.0% | Temp: 32.4°C | Hum: 71.2%"
"12:46:19.909 -> Soil: 83.0% | Temp: 32.3°C | Hum: 71.3%"
"12:46:24.906 -> Soil: 84.0% | Temp: 32.4°C | Hum: 71.2%"
"12:46:29.900 -> Soil: 84.0% | Temp: 32.3°C | Hum: 71.4%"
"12:46:34.943 -> Soil: 84.0% | Temp: 32.4°C | Hum: 71.4%"
"12:46:39.941 -> Soil: 84.0% | Temp: 32.4°C | Hum: 71.2%"
"12:46:44.930 -> Soil: 84.0% | Temp: 32.4°C | Hum: 71.1%"
"12:46:49.922 -> Soil: 84.0% | Temp: 32.3°C | Hum: 71.4%"
"12:46:54.911 -> Soil: 84.0% | Temp: 32.4°C | Hum: 71.4%"
"12:46:59.910 -> Soil: 84.0% | Temp: 32.4°C | Hum: 71.5%"
"12:47:04.910 -> Soil: 84.0% | Temp: 32.3°C | Hum: 71.5%"
"12:47:09.900 -> Soil: 84.0% | Temp: 32.3°C | Hum: 71.6%"
"12:47:14.944 -> Soil: 84.0% | Temp: 32.3°C | Hum: 71.4%"
"12:47:19.941 -> Soil: 84.0% | Temp: 32.3°C | Hum: 72.0%"
"12:47:24.939 -> Soil: 84.0% | Temp: 32.3°C | Hum: 71.8%"
"12:47:29.934 -> Soil: 84.0% | Temp: 32.3°C | Hum: 71.6%"
"12:47:34.926 -> Soil: 84.0% | Temp: 32.4°C | Hum: 71.6%"
"12:47:39.910 -> Soil: 84.0% | Temp: 32.3°C | Hum: 71.6%"
"12:47:44.916 -> Soil: 84.0% | Temp: 32.4°C | Hum: 71.8%"
"12:47:49.905 -> Soil: 84.0% | Temp: 32.3°C | Hum: 71.5%"
"12:47:54.935 -> Soil: 84.0% | Temp: 32.4°C | Hum: 71.8%"
"12:47:59.927 -> Soil: 84.0% | Temp: 32.4°C | Hum: 72.0%"
"12:48:04.919 -> Soil: 84.0% | Temp: 32.4°C | Hum: 71.7%"
"12:48:09.919 -> Soil: 84.0% | Temp: 32.4°C | Hum: 71.9%"
"12:48:14.916 -> Soil: 84.0% | Temp: 32.4°C | Hum: 73.2%"
"12:48:19.916 -> Soil: 84.0% | Temp: 32.4°C | Hum: 73.4%"
"12:48:24.906 -> Soil: 84.0% | Temp: 32.4°C | Hum: 74.8%"
"12:48:29.904 -> Soil: 84.0% | Temp: 32.4°C | Hum: 73.7%"
"12:48:34.900 -> Soil: 85.0% | Temp: 32.4°C | Hum: 72.7%"
"12:48:39.901 -> Soil: 84.0% | Temp: 32.4°C | Hum: 72.6%"
"12:48:44.942 -> Soil: 84.0% | Temp: 32.4°C | Hum: 72.3%"
"12:48:49.932 -> Soil: 84.0% | Temp: 32.4°C | Hum: 72.6%"
"12:48:54.933 -> Soil: 83.0% | Temp: 32.4°C | Hum: 71.9%"
"12:48:59.933 -> Soil: 84.0% | Temp: 32.4°C | Hum: 72.1%"
"12:49:04.929 -> Soil: 84.0% | Temp: 32.5°C | Hum: 73.3%"
"12:49:09.918 -> Soil: 84.0% | Temp: 32.4°C | Hum: 72.7%"
"12:49:14.908 -> Soil: 84.0% | Temp: 32.4°C | Hum: 72.1%"
"12:49:19.909 -> Soil: 84.0% | Temp: 32.4°C | Hum: 71.5%"
"12:49:24.901 -> Soil: 84.0% | Temp: 32.4°C | Hum: 71.3%"
"12:49:29.900 -> Soil: 84.0% | Temp: 32.4°C | Hum: 70.9%"
"12:49:34.901 -> Soil: 84.0% | Temp: 32.4°C | Hum: 71.1%"
"12:49:39.898 -> Soil: 84.0% | Temp: 32.4°C | Hum: 71.3%"
"12:49:44.941 -> Soil: 84.0% | Temp: 32.4°C | Hum: 71.5%"
"12:49:49.940 -> Soil: 84.0% | Temp: 32.4°C | Hum: 71.5%"
"12:49:54.930 -> Soil: 84.0% | Temp: 32.4°C | Hum: 71.6%"
"12:49:59.928 -> Soil: 84.0% | Temp: 32.4°C | Hum: 71.6%"
"12:50:04.916 -> Soil: 84.0% | Temp: 32.5°C | Hum: 71.5%"
"12:50:09.919 -> Soil: 84.0% | Temp: 32.5°C | Hum: 71.2%"
"12:50:14.915 -> Soil: 84.0% | Temp: 32.4°C | Hum: 71.0%"
"12:50:19.913 -> Soil: 84.0% | Temp: 32.4°C | Hum: 70.8%"
"12:50:24.912 -> Soil: 84.0% | Temp: 32.4°C | Hum: 71.0%"
"12:50:29.910 -> Soil: 84.0% | Temp: 32.5°C | Hum: 71.1%"
"12:50:34.910 -> Soil: 84.0% | Temp: 32.5°C | Hum: 71.9%"
"12:50:39.902 -> Soil: 84.0% | Temp: 32.5°C | Hum: 71.5%"
"12:50:44.892 -> Soil: 84.0% | Temp: 32.5°C | Hum: 71.3%"
"12:50:49.938 -> Soil: 84.0% | Temp: 32.4°C | Hum: 71.2%"
"12:50:54.932 -> Soil: 84.0% | Temp: 32.4°C | Hum: 71.0%"
"12:50:59.923 -> Soil: 84.0% | Temp: 32.5°C | Hum: 70.9%"
"12:51:04.918 -> Soil: 84.0% | Temp: 32.4°C | Hum: 70.6%"
"12:51:09.919 -> Soil: 84.0% | Temp: 32.5°C | Hum: 70.5%"
"12:51:14.913 -> Soil: 84.0% | Temp: 32.5°C | Hum: 70.5%"
"12:51:19.903 -> Soil: 84.0% | Temp: 32.4°C | Hum: 70.7%"
"12:51:24.900 -> Soil: 84.0% | Temp: 32.5°C | Hum: 70.5%"
"12:51:29.934 -> Soil: 83.0% | Temp: 32.5°C | Hum: 71.6%"
"12:51:34.931 -> Soil: 84.0% | Temp: 32.5°C | Hum: 70.7%"
"12:51:39.929 -> Soil: 84.0% | Temp: 32.5°C | Hum: 70.6%"
"12:51:44.918 -> Soil: 84.0% | Temp: 32.5°C | Hum: 71.0%"
"12:51:49.916 -> Soil: 84.0% | Temp: 32.5°C | Hum: 71.0%"
"12:51:54.915 -> Soil: 84.0% | Temp: 32.5°C | Hum: 70.9%"
"12:51:59.914 -> Soil: 84.0% | Temp: 32.5°C | Hum: 71.7%"
"12:52:04.908 -> Soil: 83.0% | Temp: 32.5°C | Hum: 71.3%"
"12:52:09.904 -> Soil: 84.0% | Temp: 32.5°C | Hum: 71.5%"
"12:52:14.900 -> Soil: 83.0% | Temp: 32.5°C | Hum: 71.3%"
"12:52:19.897 -> Soil: 84.0% | Temp: 32.5°C | Hum: 71.4%"
"12:52:24.892 -> Soil: 84.0% | Temp: 32.5°C | Hum: 71.8%"
"12:52:29.895 -> Soil: 84.0% | Temp: 32.5°C | Hum: 71.8%"
"12:52:34.932 -> Soil: 84.0% | Temp: 32.5°C | Hum: 72.6%"
"12:52:39.926 -> Soil: 84.0% | Temp: 32.5°C | Hum: 71.7%"
"12:52:44.915 -> Soil: 84.0% | Temp: 32.5°C | Hum: 71.9%"
"12:52:49.918 -> Soil: 84.0% | Temp: 32.6°C | Hum: 73.0%"
"12:52:54.920 -> Soil: 84.0% | Temp: 32.6°C | Hum: 72.1%"
"12:52:59.917 -> Soil: 84.0% | Temp: 32.6°C | Hum: 71.7%"
"12:53:04.919 -> Soil: 83.0% | Temp: 32.6°C | Hum: 71.6%"
"12:53:09.913 -> Soil: 84.0% | Temp: 32.6°C | Hum: 71.3%"
"12:53:14.907 -> Soil: 84.0% | Temp: 32.6°C | Hum: 71.6%"
"12:53:19.907 -> Soil: 85.0% | Temp: 32.6°C | Hum: 72.0%"
"12:53:24.900 -> Soil: 83.0% | Temp: 32.6°C | Hum: 71.8%"
"12:53:29.896 -> Soil: 84.0% | Temp: 32.6°C | Hum: 71.7%"
"12:53:34.889 -> Soil: 84.0% | Temp: 32.6°C | Hum: 71.5%"
"12:53:39.932 -> Soil: 84.0% | Temp: 32.6°C | Hum: 71.1%"
"12:53:44.925 -> Soil: 84.0% | Temp: 32.6°C | Hum: 71.2%"
"12:53:49.919 -> Soil: 84.0% | Temp: 32.6°C | Hum: 71.5%"
"12:53:54.918 -> Soil: 84.0% | Temp: 32.6°C | Hum: 72.2%"
"12:53:59.919 -> Soil: 84.0% | Temp: 32.6°C | Hum: 71.5%"
"12:54:04.899 -> Soil: 84.0% | Temp: 32.6°C | Hum: 71.3%"
"12:54:09.895 -> Soil: 84.0% | Temp: 32.6°C | Hum: 71.3%"
"12:54:14.934 -> Soil: 84.0% | Temp: 32.6°C | Hum: 71.6%"
"12:54:19.889 -> Soil: 84.0% | Temp: 32.6°C | Hum: 72.2%"
"12:54:24.926 -> Soil: 83.0% | Temp: 32.6°C | Hum: 71.8%"
"12:54:29.913 -> Soil: 84.0% | Temp: 32.6°C | Hum: 71.2%"
"12:54:34.924 -> Soil: 84.0% | Temp: 32.6°C | Hum: 72.4%"
"12:54:39.924 -> Soil: 84.0% | Temp: 32.6°C | Hum: 71.9%"
"12:54:44.921 -> Soil: 84.0% | Temp: 32.6°C | Hum: 71.5%"
"12:54:49.915 -> Soil: 84.0% | Temp: 32.6°C | Hum: 71.8%"
"12:54:54.905 -> Soil: 84.0% | Temp: 32.6°C | Hum: 71.6%"
"12:54:59.906 -> Soil: 84.0% | Temp: 32.6°C | Hum: 71.5%"
"12:55:04.909 -> Soil: 84.0% | Temp: 32.6°C | Hum: 72.1%"
"12:55:09.907 -> Soil: 84.0% | Temp: 32.6°C | Hum: 71.3%"
"12:55:14.906 -> Soil: 84.0% | Temp: 32.6°C | Hum: 71.0%"
"12:55:19.903 -> Soil: 83.0% | Temp: 32.6°C | Hum: 71.3%"
"12:55:24.898 -> Soil: 84.0% | Temp: 32.6°C | Hum: 71.2%"
"12:55:29.899 -> Soil: 84.0% | Temp: 32.6°C | Hum: 71.7%"
"12:55:34.894 -> Soil: 83.0% | Temp: 32.6°C | Hum: 71.4%"
"12:55:39.888 -> Soil: 84.0% | Temp: 32.6°C | Hum: 71.1%"
"12:55:44.931 -> Soil: 84.0% | Temp: 32.6°C | Hum: 70.8%"
"12:55:49.929 -> Soil: 84.0% | Temp: 32.6°C | Hum: 71.2%"
"12:55:54.917 -> Soil: 83.0% | Temp: 32.6°C | Hum: 71.9%"
"12:55:59.918 -> Soil: 83.0% | Temp: 32.6°C | Hum: 71.7%"
"12:56:04.914 -> Soil: 83.0% | Temp: 32.6°C | Hum: 72.3%"
"12:56:09.913 -> Soil: 84.0% | Temp: 32.6°C | Hum: 71.4%"
"12:56:14.906 -> Soil: 84.0% | Temp: 32.6°C | Hum: 71.7%"
"12:56:19.900 -> Soil: 84.0% | Temp: 32.6°C | Hum: 71.9%"
"12:56:24.892 -> Soil: 84.0% | Temp: 32.7°C | Hum: 71.8%"
"12:56:29.885 -> Soil: 84.0% | Temp: 32.6°C | Hum: 71.4%"
"12:56:34.928 -> Soil: 84.0% | Temp: 32.6°C | Hum: 71.3%"
"12:56:39.883 -> Soil: 84.0% | Temp: 32.6°C | Hum: 70.9%"
"12:56:44.925 -> Soil: 83.0% | Temp: 32.6°C | Hum: 70.7%"
"12:56:49.923 -> Soil: 84.0% | Temp: 32.7°C | Hum: 71.9%"
"12:56:54.919 -> Soil: 83.0% | Temp: 32.6°C | Hum: 71.2%"
"12:56:59.922 -> Soil: 82.0% | Temp: 32.6°C | Hum: 70.6%"
"12:57:04.912 -> Soil: 82.0% | Temp: 32.7°C | Hum: 70.7%"
"12:57:09.909 -> Soil: 82.0% | Temp: 32.6°C | Hum: 70.8%"
"12:57:14.897 -> Soil: 82.0% | Temp: 32.7°C | Hum: 70.8%"
"12:57:19.898 -> Soil: 82.0% | Temp: 32.7°C | Hum: 71.0%"
"12:57:24.896 -> Soil: 82.0% | Temp: 32.7°C | Hum: 70.6%"
"12:57:29.895 -> Soil: 82.0% | Temp: 32.7°C | Hum: 70.5%"
"12:57:34.885 -> Soil: 82.0% | Temp: 32.7°C | Hum: 70.4%"
"12:57:39.882 -> Soil: 83.0% | Temp: 32.7°C | Hum: 70.9%"
"12:57:44.927 -> Soil: 82.0% | Temp: 32.7°C | Hum: 71.5%"
"12:57:49.925 -> Soil: 82.0% | Temp: 32.7°C | Hum: 71.2%"
"12:57:54.912 -> Soil: 82.0% | Temp: 32.7°C | Hum: 70.9%"
"12:57:59.899 -> Soil: 82.0% | Temp: 32.7°C | Hum: 71.2%"
"12:58:04.888 -> Soil: 82.0% | Temp: 32.7°C | Hum: 71.3%"
"12:58:09.895 -> Soil: 81.0% | Temp: 32.7°C | Hum: 71.0%"
"12:58:14.926 -> Soil: 82.0% | Temp: 32.8°C | Hum: 71.0%"
"12:58:19.915 -> Soil: 82.0% | Temp: 32.7°C | Hum: 70.7%"
"12:58:24.907 -> Soil: 82.0% | Temp: 32.8°C | Hum: 70.9%"
"12:58:29.899 -> Soil: 82.0% | Temp: 32.7°C | Hum: 70.7%"
"12:58:34.888 -> Soil: 82.0% | Temp: 32.7°C | Hum: 70.9%"
"12:58:39.884 -> Soil: 82.0% | Temp: 32.8°C | Hum: 71.6%"
"12:58:44.917 -> Soil: 83.0% | Temp: 32.8°C | Hum: 70.9%"
"12:58:49.916 -> Soil: 82.0% | Temp: 32.7°C | Hum: 70.6%"
"12:58:54.899 -> Soil: 82.0% | Temp: 32.7°C | Hum: 70.3%"
"12:58:59.890 -> Soil: 82.0% | Temp: 32.8°C | Hum: 70.8%"
"12:59:04.884 -> Soil: 83.0% | Temp: 32.8°C | Hum: 70.9%"
"12:59:09.927 -> Soil: 82.0% | Temp: 32.7°C | Hum: 70.8%"
"12:59:14.880 -> Soil: 82.0% | Temp: 32.8°C | Hum: 71.2%"
"12:59:19.924 -> Soil: 82.0% | Temp: 32.7°C | Hum: 71.0%"
"12:59:24.921 -> Soil: 82.0% | Temp: 32.7°C | Hum: 71.0%"
"12:59:29.906 -> Soil: 82.0% | Temp: 32.8°C | Hum: 71.1%"
"12:59:34.888 -> Soil: 82.0% | Temp: 32.8°C | Hum: 71.2%"
"12:59:39.916 -> Soil: 82.0% | Temp: 32.8°C | Hum: 70.7%"
"12:59:44.881 -> Soil: 82.0% | Temp: 32.8°C | Hum: 71.0%"
"12:59:49.910 -> Soil: 82.0% | Temp: 32.8°C | Hum: 70.9%"
"12:59:54.921 -> Soil: 82.0% | Temp: 32.8°C | Hum: 71.4%"
"12:59:59.904 -> Soil: 82.0% | Temp: 32.8°C | Hum: 71.2%"
"13:00:04.885 -> Soil: 82.0% | Temp: 32.8°C | Hum: 71.0%"
"13:00:09.893 -> Soil: 82.0% | Temp: 32.8°C | Hum: 71.2%"
"13:00:14.913 -> Soil: 82.0% | Temp: 32.8°C | Hum: 71.0%"
"13:00:19.894 -> Soil: 82.0% | Temp: 32.8°C | Hum: 70.9%"
"13:00:24.920 -> Soil: 82.0% | Temp: 32.8°C | Hum: 71.4%"
"13:00:29.908 -> Soil: 82.0% | Temp: 32.8°C | Hum: 70.9%"
"13:00:34.900 -> Soil: 82.0% | Temp: 32.8°C | Hum: 71.2%"
"13:00:39.926 -> Soil: 82.0% | Temp: 32.8°C | Hum: 71.2%"
"13:00:44.917 -> Soil: 82.0% | Temp: 32.8°C | Hum: 71.0%"
"13:00:49.914 -> Soil: 82.0% | Temp: 32.8°C | Hum: 70.9%"
"13:00:54.899 -> Soil: 82.0% | Temp: 32.8°C | Hum: 71.1%"
"13:00:59.887 -> Soil: 82.0% | Temp: 32.8°C | Hum: 71.1%"
"13:01:04.919 -> Soil: 82.0% | Temp: 32.8°C | Hum: 70.4%"
"13:01:09.916 -> Soil: 82.0% | Temp: 32.8°C | Hum: 70.4%"
"13:01:14.914 -> Soil: 82.0% | Temp: 32.8°C | Hum: 70.4%"
"13:01:19.913 -> Soil: 82.0% | Temp: 32.9°C | Hum: 70.5%"
"13:01:24.902 -> Soil: 82.0% | Temp: 32.9°C | Hum: 70.2%"
"13:01:29.879 -> Soil: 82.0% | Temp: 32.9°C | Hum: 70.3%"
"13:01:34.913 -> Soil: 82.0% | Temp: 32.9°C | Hum: 70.8%"
"13:01:39.886 -> Soil: 82.0% | Temp: 32.9°C | Hum: 70.9%"
"13:01:44.918 -> Soil: 82.0% | Temp: 32.9°C | Hum: 70.7%"
"13:01:49.916 -> Soil: 82.0% | Temp: 32.9°C | Hum: 70.5%"
"13:01:54.917 -> Soil: 81.0% | Temp: 32.9°C | Hum: 70.6%"
"13:01:59.919 -> Soil: 81.0% | Temp: 32.9°C | Hum: 70.4%"
"13:02:04.905 -> Soil: 82.0% | Temp: 32.9°C | Hum: 70.7%"
"13:02:09.898 -> Soil: 82.0% | Temp: 32.8°C | Hum: 70.7%"
"13:02:14.886 -> Soil: 82.0% | Temp: 32.9°C | Hum: 70.7%"
"13:02:19.889 -> Soil: 81.0% | Temp: 32.9°C | Hum: 70.8%"
"13:02:24.885 -> Soil: 82.0% | Temp: 32.9°C | Hum: 70.5%"
"13:02:29.882 -> Soil: 82.0% | Temp: 32.9°C | Hum: 70.9%"
"13:02:34.888 -> Soil: 82.0% | Temp: 32.9°C | Hum: 70.6%"
"13:02:39.889 -> Soil: 82.0% | Temp: 32.9°C | Hum: 70.6%"
"13:02:44.889 -> Soil: 81.0% | Temp: 32.9°C | Hum: 70.6%"
"13:02:49.887 -> Soil: 82.0% | Temp: 32.8°C | Hum: 70.6%"
"13:02:54.892 -> Soil: 82.0% | Temp: 32.9°C | Hum: 70.7%"
"13:02:59.892 -> Soil: 82.0% | Temp: 32.8°C | Hum: 70.4%"
"13:03:04.892 -> Soil: 82.0% | Temp: 32.9°C | Hum: 70.6%"
"13:03:09.893 -> Soil: 82.0% | Temp: 32.9°C | Hum: 70.5%"
"13:03:14.886 -> Soil: 81.0% | Temp: 32.9°C | Hum: 70.4%"
"13:03:19.885 -> Soil: 82.0% | Temp: 32.9°C | Hum: 70.2%"
"13:03:24.920 -> Soil: 81.0% | Temp: 32.9°C | Hum: 70.3%"
"13:03:29.913 -> Soil: 82.0% | Temp: 32.9°C | Hum: 70.5%"
"13:03:34.910 -> Soil: 82.0% | Temp: 32.9°C | Hum: 70.6%"
"13:03:39.900 -> Soil: 81.0% | Temp: 32.9°C | Hum: 70.6%"
"13:03:44.897 -> Soil: 81.0% | Temp: 32.9°C | Hum: 71.0%"
"13:03:49.898 -> Soil: 82.0% | Temp: 32.9°C | Hum: 70.9%"
"13:03:54.898 -> Soil: 82.0% | Temp: 32.9°C | Hum: 71.0%"
"13:03:59.910 -> Soil: 81.0% | Temp: 32.8°C | Hum: 70.7%"
"13:04:04.908 -> Soil: 82.0% | Temp: 32.9°C | Hum: 70.4%"
"13:04:09.908 -> Soil: 82.0% | Temp: 32.9°C | Hum: 70.3%"
"13:04:14.912 -> Soil: 81.0% | Temp: 32.8°C | Hum: 70.1%"
"13:04:19.911 -> Soil: 82.0% | Temp: 32.8°C | Hum: 70.4%"
"13:04:24.903 -> Soil: 81.0% | Temp: 32.9°C | Hum: 70.6%"
"13:04:29.943 -> Soil: 82.0% | Temp: 25.0°C | Hum: 60.0%"
"13:04:34.891 -> Soil: 82.0% | Temp: 32.8°C | Hum: 70.2%"
"13:04:39.884 -> Soil: 82.0% | Temp: 32.9°C | Hum: 70.2%"
"13:04:44.889 -> Soil: 81.0% | Temp: 32.8°C | Hum: 70.0%"
"13:04:49.915 -> Soil: 82.0% | Temp: 32.8°C | Hum: 70.0%"
"13:04:54.912 -> Soil: 82.0% | Temp: 32.9°C | Hum: 70.1%"
"13:04:59.905 -> Soil: 82.0% | Temp: 32.8°C | Hum: 69.8%"
"13:05:04.904 -> Soil: 82.0% | Temp: 32.9°C | Hum: 69.8%"
"13:05:09.902 -> Soil: 82.0% | Temp: 32.8°C | Hum: 69.9%"
"13:05:14.894 -> Soil: 81.0% | Temp: 32.9°C | Hum: 69.9%"
"13:05:19.898 -> Soil: 81.0% | Temp: 32.9°C | Hum: 70.0%"
"13:05:24.889 -> Soil: 82.0% | Temp: 32.9°C | Hum: 69.7%"
"13:05:29.886 -> Soil: 81.0% | Temp: 32.9°C | Hum: 69.8%"
"13:05:34.879 -> Soil: 82.0% | Temp: 32.8°C | Hum: 69.7%"
"13:05:39.875 -> Soil: 81.0% | Temp: 32.8°C | Hum: 69.4%"
"13:05:44.873 -> Soil: 82.0% | Temp: 32.8°C | Hum: 69.7%"
"13:05:49.918 -> Soil: 82.0% | Temp: 32.9°C | Hum: 69.9%"
"13:05:54.874 -> Soil: 81.0% | Temp: 32.8°C | Hum: 69.7%"
"13:05:59.916 -> Soil: 82.0% | Temp: 32.8°C | Hum: 69.8%"
"13:06:04.910 -> Soil: 81.0% | Temp: 32.8°C | Hum: 69.8%"
"13:06:09.901 -> Soil: 82.0% | Temp: 32.8°C | Hum: 70.1%"
"13:06:14.894 -> Soil: 81.0% | Temp: 32.9°C | Hum: 69.8%"
"13:06:19.884 -> Soil: 82.0% | Temp: 32.8°C | Hum: 70.0%"
"13:06:22.666 -> [10364692] Heartbeat timeout"
"13:06:22.666 -> [10364694] Connecting to blynk.cloud:80"
"13:06:22.948 -> [10364964] Ready (ping: 159ms)."
"13:06:24.883 -> Soil: 82.0% | Temp: 32.9°C | Hum: 70.0%"
"13:06:29.876 -> Soil: 82.0% | Temp: 32.8°C | Hum: 69.8%"
"13:06:34.905 -> Soil: 81.0% | Temp: 32.9°C | Hum: 69.9%"
"13:06:39.905 -> Soil: 82.0% | Temp: 32.8°C | Hum: 70.0%"
"13:06:44.905 -> Soil: 82.0% | Temp: 32.8°C | Hum: 70.1%"
"13:06:49.904 -> Soil: 81.0% | Temp: 32.8°C | Hum: 70.0%"
"13:06:54.903 -> Soil: 82.0% | Temp: 32.8°C | Hum: 70.1%"
"13:06:59.897 -> Soil: 81.0% | Temp: 32.8°C | Hum: 70.4%"
"13:07:04.897 -> Soil: 82.0% | Temp: 32.9°C | Hum: 70.1%"
"13:07:09.892 -> Soil: 82.0% | Temp: 32.8°C | Hum: 70.5%"
"13:07:14.888 -> Soil: 82.0% | Temp: 32.8°C | Hum: 70.4%"
"13:07:19.895 -> Soil: 82.0% | Temp: 32.8°C | Hum: 69.9%"
"13:07:24.889 -> Soil: 82.0% | Temp: 32.9°C | Hum: 69.9%"
"13:07:29.884 -> Soil: 82.0% | Temp: 32.8°C | Hum: 70.0%"
"13:07:34.884 -> Soil: 82.0% | Temp: 32.8°C | Hum: 70.2%"
"13:07:39.869 -> Soil: 82.0% | Temp: 32.8°C | Hum: 69.6%"
"13:07:44.869 -> Soil: 82.0% | Temp: 32.9°C | Hum: 70.2%"
"13:07:49.914 -> Soil: 81.0% | Temp: 32.8°C | Hum: 70.3%"
"13:07:54.914 -> Soil: 82.0% | Temp: 32.8°C | Hum: 70.5%"
"13:07:59.908 -> Soil: 82.0% | Temp: 32.8°C | Hum: 70.6%"
"13:08:04.904 -> Soil: 82.0% | Temp: 32.8°C | Hum: 70.5%"
"13:08:09.900 -> Soil: 81.0% | Temp: 32.8°C | Hum: 70.5%"
"13:08:14.900 -> Soil: 82.0% | Temp: 32.8°C | Hum: 70.8%"
"13:08:19.902 -> Soil: 81.0% | Temp: 32.8°C | Hum: 70.5%"
"13:08:24.898 -> Soil: 82.0% | Temp: 32.8°C | Hum: 70.8%"
"13:08:29.897 -> Soil: 85.0% | Temp: 32.8°C | Hum: 70.6%"
"13:08:34.899 -> Soil: 88.0% | Temp: 32.8°C | Hum: 70.7%"
"13:08:39.897 -> Soil: 90.0% | Temp: 32.8°C | Hum: 70.5%"
"13:08:44.893 -> Soil: 92.0% | Temp: 32.8°C | Hum: 70.4%"
"13:08:49.891 -> Soil: 93.0% | Temp: 32.8°C | Hum: 70.7%"
"13:08:54.900 -> Soil: 93.0% | Temp: 32.8°C | Hum: 70.6%"
"13:08:59.902 -> Soil: 94.0% | Temp: 32.8°C | Hum: 71.1%"
"13:09:04.900 -> Soil: 94.0% | Temp: 32.8°C | Hum: 71.1%"
"13:09:09.893 -> Soil: 94.0% | Temp: 32.8°C | Hum: 71.2%"
"13:09:14.898 -> Soil: 95.0% | Temp: 32.8°C | Hum: 71.1%"
"13:09:19.890 -> Soil: 95.0% | Temp: 32.8°C | Hum: 71.0%"
"13:09:24.888 -> Soil: 94.0% | Temp: 32.8°C | Hum: 70.7%"
"13:09:29.881 -> Soil: 95.0% | Temp: 32.8°C | Hum: 71.0%"
"13:09:34.868 -> Soil: 96.0% | Temp: 32.8°C | Hum: 70.9%"
"13:09:39.910 -> Soil: 95.0% | Temp: 32.8°C | Hum: 71.2%"
"13:09:44.905 -> Soil: 95.0% | Temp: 32.8°C | Hum: 71.6%"
"13:09:49.908 -> Soil: 95.0% | Temp: 32.8°C | Hum: 71.2%"
"13:09:54.905 -> Soil: 96.0% | Temp: 32.8°C | Hum: 71.1%"
"13:09:59.906 -> Soil: 95.0% | Temp: 32.8°C | Hum: 71.5%"
"13:10:04.897 -> Soil: 95.0% | Temp: 32.8°C | Hum: 71.0%"
"13:10:09.884 -> Soil: 95.0% | Temp: 32.8°C | Hum: 71.2%"
"13:10:14.869 -> Soil: 95.0% | Temp: 32.8°C | Hum: 71.0%"
"13:10:19.904 -> Soil: 95.0% | Temp: 32.8°C | Hum: 71.0%"
"13:10:24.899 -> Soil: 96.0% | Temp: 32.8°C | Hum: 71.0%"
"13:10:29.901 -> Soil: 95.0% | Temp: 32.8°C | Hum: 71.4%"
"13:10:34.898 -> Soil: 95.0% | Temp: 32.8°C | Hum: 71.6%"
"13:10:39.897 -> Soil: 95.0% | Temp: 32.8°C | Hum: 71.1%"
"13:10:44.900 -> Soil: 95.0% | Temp: 32.8°C | Hum: 70.7%"
"13:10:49.901 -> Soil: 95.0% | Temp: 32.8°C | Hum: 70.9%"
"13:10:54.899 -> Soil: 95.0% | Temp: 32.8°C | Hum: 71.0%"
"13:10:59.899 -> Soil: 95.0% | Temp: 32.8°C | Hum: 71.1%"
"13:11:04.896 -> Soil: 95.0% | Temp: 32.8°C | Hum: 71.0%"
"13:11:09.886 -> Soil: 94.0% | Temp: 32.8°C | Hum: 70.8%"
"13:11:14.881 -> Soil: 95.0% | Temp: 32.8°C | Hum: 70.9%"
"13:11:19.869 -> Soil: 95.0% | Temp: 32.8°C | Hum: 70.9%"
"13:11:24.867 -> Soil: 94.0% | Temp: 32.8°C | Hum: 71.3%"
"13:11:29.907 -> Soil: 95.0% | Temp: 32.8°C | Hum: 71.1%"
"13:11:34.906 -> Soil: 95.0% | Temp: 32.8°C | Hum: 70.8%"
"13:11:39.905 -> Soil: 95.0% | Temp: 32.8°C | Hum: 70.8%"
"13:11:44.902 -> Soil: 94.0% | Temp: 32.8°C | Hum: 71.9%"
"13:11:49.895 -> Soil: 95.0% | Temp: 32.8°C | Hum: 71.5%"
"13:11:54.895 -> Soil: 94.0% | Temp: 32.8°C | Hum: 71.7%"
"13:11:59.892 -> Soil: 94.0% | Temp: 32.8°C | Hum: 71.6%"
"13:12:04.889 -> Soil: 95.0% | Temp: 32.8°C | Hum: 71.8%"
"13:12:09.886 -> Soil: 95.0% | Temp: 32.8°C | Hum: 71.2%"
"13:12:14.886 -> Soil: 94.0% | Temp: 32.8°C | Hum: 71.1%"
"13:12:19.884 -> Soil: 94.0% | Temp: 32.8°C | Hum: 70.9%"
"13:12:24.877 -> Soil: 94.0% | Temp: 32.8°C | Hum: 70.9%"
"13:12:29.871 -> Soil: 94.0% | Temp: 32.8°C | Hum: 71.1%"
"13:12:34.867 -> Soil: 94.0% | Temp: 32.8°C | Hum: 70.7%"
"13:12:39.870 -> Soil: 95.0% | Temp: 32.8°C | Hum: 71.0%"
"13:12:44.876 -> Soil: 93.0% | Temp: 32.8°C | Hum: 70.9%"
"13:12:49.873 -> Soil: 94.0% | Temp: 32.7°C | Hum: 70.4%"
"13:12:54.872 -> Soil: 94.0% | Temp: 32.8°C | Hum: 71.0%"
"13:12:59.869 -> Soil: 93.0% | Temp: 32.8°C | Hum: 71.2%"
"13:13:04.868 -> Soil: 94.0% | Temp: 32.8°C | Hum: 71.2%"
"13:13:09.862 -> Soil: 94.0% | Temp: 32.8°C | Hum: 70.6%"
"13:13:14.861 -> Soil: 93.0% | Temp: 32.8°C | Hum: 71.4%"
"13:13:19.900 -> Soil: 93.0% | Temp: 32.8°C | Hum: 71.7%"
"13:13:24.897 -> Soil: 93.0% | Temp: 32.8°C | Hum: 71.6%"
"13:13:29.889 -> Soil: 93.0% | Temp: 32.8°C | Hum: 71.4%"
"13:13:34.883 -> Soil: 94.0% | Temp: 32.8°C | Hum: 72.2%"
"13:13:39.884 -> Soil: 93.0% | Temp: 32.8°C | Hum: 71.6%"
"13:13:44.879 -> Soil: 93.0% | Temp: 32.8°C | Hum: 70.9%"
"13:13:49.862 -> Soil: 93.0% | Temp: 32.8°C | Hum: 71.2%"
"13:13:54.903 -> Soil: 93.0% | Temp: 32.8°C | Hum: 71.8%"
"13:13:59.868 -> Soil: 93.0% | Temp: 32.8°C | Hum: 71.4%"
"13:14:04.863 -> Soil: 93.0% | Temp: 32.8°C | Hum: 71.1%"
"13:14:09.902 -> Soil: 93.0% | Temp: 32.8°C | Hum: 71.1%"
"13:14:14.897 -> Soil: 93.0% | Temp: 32.8°C | Hum: 71.1%"
"13:14:19.889 -> Soil: 93.0% | Temp: 32.8°C | Hum: 71.4%"
"13:14:24.883 -> Soil: 93.0% | Temp: 32.8°C | Hum: 71.6%"
"13:14:29.874 -> Soil: 94.0% | Temp: 32.8°C | Hum: 71.5%"
"13:14:34.871 -> Soil: 93.0% | Temp: 32.8°C | Hum: 71.4%"
"13:14:39.868 -> Soil: 93.0% | Temp: 32.8°C | Hum: 71.4%"
"13:14:44.900 -> Soil: 93.0% | Temp: 32.8°C | Hum: 71.2%"
"13:14:49.891 -> Soil: 93.0% | Temp: 32.8°C | Hum: 71.3%"
"13:14:54.885 -> Soil: 92.0% | Temp: 32.8°C | Hum: 71.3%"
"13:14:59.883 -> Soil: 93.0% | Temp: 32.8°C | Hum: 71.4%"
"13:15:04.880 -> Soil: 93.0% | Temp: 32.8°C | Hum: 71.2%"
"13:15:09.872 -> Soil: 93.0% | Temp: 32.7°C | Hum: 70.7%"
"13:15:14.898 -> Soil: 93.0% | Temp: 32.8°C | Hum: 71.4%"
"13:15:19.861 -> Soil: 93.0% | Temp: 32.8°C | Hum: 71.1%"
"13:15:24.887 -> Soil: 93.0% | Temp: 32.8°C | Hum: 71.4%"
"13:15:29.893 -> Soil: 92.0% | Temp: 32.8°C | Hum: 71.3%"
"13:15:34.882 -> Soil: 93.0% | Temp: 32.8°C | Hum: 71.4%"
"13:15:39.884 -> Soil: 93.0% | Temp: 32.8°C | Hum: 71.5%"
"13:15:44.882 -> Soil: 93.0% | Temp: 32.8°C | Hum: 71.7%"
"13:15:49.872 -> Soil: 92.0% | Temp: 32.8°C | Hum: 71.5%"
"13:15:54.865 -> Soil: 93.0% | Temp: 32.9°C | Hum: 71.6%"
"13:15:59.861 -> Soil: 93.0% | Temp: 32.8°C | Hum: 71.5%"
"13:16:04.859 -> Soil: 93.0% | Temp: 32.8°C | Hum: 71.4%"
"13:16:09.903 -> Soil: 93.0% | Temp: 32.8°C | Hum: 71.4%"
"13:16:14.894 -> Soil: 93.0% | Temp: 32.8°C | Hum: 71.3%"
"13:16:19.887 -> Soil: 94.0% | Temp: 32.8°C | Hum: 71.2%"
"13:16:24.879 -> Soil: 94.0% | Temp: 32.8°C | Hum: 71.1%"
"13:16:29.869 -> Soil: 93.0% | Temp: 32.8°C | Hum: 71.3%"
"13:16:34.865 -> Soil: 94.0% | Temp: 32.8°C | Hum: 71.7%"
"13:16:39.862 -> Soil: 94.0% | Temp: 32.8°C | Hum: 71.3%"
"13:16:44.957 -> Soil: 94.0% | Temp: 25.0°C | Hum: 60.0%"
"13:16:49.860 -> Soil: 93.0% | Temp: 32.9°C | Hum: 71.5%"
"13:16:54.901 -> Soil: 94.0% | Temp: 32.9°C | Hum: 72.6%"
"13:16:59.895 -> Soil: 93.0% | Temp: 32.8°C | Hum: 72.6%"
"13:17:04.896 -> Soil: 94.0% | Temp: 32.9°C | Hum: 71.9%"
"13:17:09.890 -> Soil: 93.0% | Temp: 32.8°C | Hum: 71.3%"
"13:17:14.896 -> Soil: 93.0% | Temp: 32.9°C | Hum: 71.4%"
"13:17:19.895 -> Soil: 94.0% | Temp: 32.8°C | Hum: 71.1%"
"13:17:24.894 -> Soil: 93.0% | Temp: 32.8°C | Hum: 71.7%"
"13:17:29.886 -> Soil: 93.0% | Temp: 32.9°C | Hum: 71.6%"
"13:17:34.883 -> Soil: 94.0% | Temp: 32.8°C | Hum: 72.4%"
"13:17:39.881 -> Soil: 94.0% | Temp: 32.9°C | Hum: 72.3%"
"13:17:44.878 -> Soil: 93.0% | Temp: 32.9°C | Hum: 72.6%"
"13:17:49.877 -> Soil: 93.0% | Temp: 32.8°C | Hum: 71.9%"
"13:17:54.868 -> Soil: 94.0% | Temp: 32.8°C | Hum: 71.7%"
"13:17:59.867 -> Soil: 94.0% | Temp: 32.9°C | Hum: 71.8%"
"13:18:04.864 -> Soil: 94.0% | Temp: 32.9°C | Hum: 72.1%"
"13:18:09.867 -> Soil: 94.0% | Temp: 32.9°C | Hum: 72.4%"
"13:18:14.863 -> Soil: 94.0% | Temp: 32.9°C | Hum: 71.9%"
"13:18:19.854 -> Soil: 94.0% | Temp: 32.8°C | Hum: 71.8%"
"13:18:24.857 -> Soil: 93.0% | Temp: 32.9°C | Hum: 71.6%"
"13:18:29.854 -> Soil: 94.0% | Temp: 32.8°C | Hum: 71.7%"
"13:18:34.875 -> Soil: 93.0% | Temp: 32.9°C | Hum: 71.9%"
"13:18:39.872 -> Soil: 93.0% | Temp: 32.8°C | Hum: 71.7%"
"13:18:44.870 -> Soil: 94.0% | Temp: 32.8°C | Hum: 71.6%"
"13:18:49.869 -> Soil: 93.0% | Temp: 32.8°C | Hum: 71.9%"
"13:18:54.869 -> Soil: 93.0% | Temp: 32.8°C | Hum: 72.2%"
"13:18:59.871 -> Soil: 93.0% | Temp: 32.9°C | Hum: 72.4%"
"13:19:04.873 -> Soil: 93.0% | Temp: 32.8°C | Hum: 72.4%"
"13:19:09.874 -> Soil: 93.0% | Temp: 32.8°C | Hum: 72.1%"
"13:19:14.868 -> Soil: 93.0% | Temp: 32.9°C | Hum: 72.1%"
"13:19:19.862 -> Soil: 93.0% | Temp: 32.8°C | Hum: 71.9%"
"13:19:24.861 -> Soil: 93.0% | Temp: 32.9°C | Hum: 72.2%"
"13:19:29.860 -> Soil: 93.0% | Temp: 32.9°C | Hum: 72.8%"
"13:19:34.859 -> Soil: 93.0% | Temp: 32.9°C | Hum: 72.8%"
"13:19:39.856 -> Soil: 93.0% | Temp: 32.8°C | Hum: 72.2%"
"13:19:44.898 -> Soil: 93.0% | Temp: 32.8°C | Hum: 72.3%"
"13:19:49.895 -> Soil: 93.0% | Temp: 32.8°C | Hum: 72.2%"
"13:19:54.851 -> Soil: 92.0% | Temp: 32.8°C | Hum: 71.7%"
"13:19:59.862 -> Soil: 93.0% | Temp: 32.8°C | Hum: 71.8%"
"13:20:04.858 -> Soil: 93.0% | Temp: 32.9°C | Hum: 71.9%"
"13:20:09.858 -> Soil: 92.0% | Temp: 32.8°C | Hum: 71.9%"
"13:20:14.953 -> Soil: 92.0% | Temp: 25.0°C | Hum: 60.0%"
"13:20:19.860 -> Soil: 92.0% | Temp: 32.9°C | Hum: 71.9%"
"13:20:24.860 -> Soil: 92.0% | Temp: 32.9°C | Hum: 72.2%"
"13:20:29.856 -> Soil: 92.0% | Temp: 32.9°C | Hum: 72.1%"
"13:20:34.894 -> Soil: 92.0% | Temp: 32.9°C | Hum: 71.9%"
"13:20:39.891 -> Soil: 92.0% | Temp: 32.8°C | Hum: 71.7%"
"13:20:44.894 -> Soil: 92.0% | Temp: 32.9°C | Hum: 71.6%"
"13:20:49.893 -> Soil: 92.0% | Temp: 32.9°C | Hum: 71.3%"
"13:20:54.854 -> Soil: 91.0% | Temp: 32.9°C | Hum: 71.0%"
"13:20:59.892 -> Soil: 92.0% | Temp: 32.9°C | Hum: 70.9%"
"13:21:04.884 -> Soil: 92.0% | Temp: 32.9°C | Hum: 70.9%"
"13:21:09.888 -> Soil: 92.0% | Temp: 32.9°C | Hum: 71.7%"
"13:21:14.875 -> Soil: 92.0% | Temp: 32.8°C | Hum: 71.4%"
"13:21:19.869 -> Soil: 91.0% | Temp: 32.9°C | Hum: 71.3%"
"13:21:24.895 -> Soil: 92.0% | Temp: 32.9°C | Hum: 71.3%"
"13:21:29.893 -> Soil: 92.0% | Temp: 32.9°C | Hum: 71.2%"
"13:21:34.889 -> Soil: 92.0% | Temp: 32.8°C | Hum: 71.3%"
"13:21:39.885 -> Soil: 92.0% | Temp: 32.8°C | Hum: 71.3%"
"13:21:44.876 -> Soil: 92.0% | Temp: 32.8°C | Hum: 71.0%"
"13:21:49.870 -> Soil: 91.0% | Temp: 32.9°C | Hum: 70.8%"
"13:21:54.862 -> Soil: 92.0% | Temp: 32.9°C | Hum: 71.0%"
"13:21:59.854 -> Soil: 92.0% | Temp: 32.8°C | Hum: 70.7%"
"13:22:04.891 -> Soil: 91.0% | Temp: 32.8°C | Hum: 71.3%"
"13:22:09.888 -> Soil: 91.0% | Temp: 32.9°C | Hum: 71.0%"
"13:22:14.885 -> Soil: 92.0% | Temp: 32.8°C | Hum: 71.2%"
"13:22:19.875 -> Soil: 92.0% | Temp: 32.9°C | Hum: 71.3%"
"13:22:24.864 -> Soil: 91.0% | Temp: 32.9°C | Hum: 70.7%"
"13:22:29.853 -> Soil: 91.0% | Temp: 32.8°C | Hum: 71.2%"
"13:22:34.853 -> Soil: 91.0% | Temp: 32.9°C | Hum: 71.1%"
"13:22:39.888 -> Soil: 91.0% | Temp: 32.9°C | Hum: 71.2%"
"13:22:44.890 -> Soil: 91.0% | Temp: 32.8°C | Hum: 70.7%"
"13:22:49.889 -> Soil: 91.0% | Temp: 32.8°C | Hum: 71.9%"
"13:22:54.889 -> Soil: 91.0% | Temp: 32.8°C | Hum: 71.4%"
"13:22:59.888 -> Soil: 91.0% | Temp: 32.8°C | Hum: 71.0%"
"13:23:04.884 -> Soil: 91.0% | Temp: 32.8°C | Hum: 71.4%"
"13:23:09.884 -> Soil: 91.0% | Temp: 32.9°C | Hum: 71.2%"
"13:23:14.875 -> Soil: 91.0% | Temp: 32.8°C | Hum: 71.1%"
"13:23:19.878 -> Soil: 91.0% | Temp: 32.9°C | Hum: 71.6%"
"13:23:24.870 -> Soil: 91.0% | Temp: 32.8°C | Hum: 71.6%"
"13:23:29.859 -> Soil: 91.0% | Temp: 32.8°C | Hum: 71.6%"
"13:23:34.858 -> Soil: 91.0% | Temp: 32.9°C | Hum: 71.5%"
"13:23:39.854 -> Soil: 91.0% | Temp: 32.9°C | Hum: 71.5%"
"13:23:44.847 -> Soil: 91.0% | Temp: 32.8°C | Hum: 71.5%"
"13:23:49.885 -> Soil: 91.0% | Temp: 32.8°C | Hum: 71.6%"
"13:23:54.881 -> Soil: 91.0% | Temp: 32.9°C | Hum: 72.2%"
"13:23:59.845 -> Soil: 91.0% | Temp: 32.8°C | Hum: 71.5%"
"13:24:04.890 -> Soil: 91.0% | Temp: 32.8°C | Hum: 71.5%"
"13:24:09.883 -> Soil: 91.0% | Temp: 32.8°C | Hum: 71.0%"
"13:24:14.873 -> Soil: 91.0% | Temp: 32.8°C | Hum: 71.5%"
"13:24:19.867 -> Soil: 91.0% | Temp: 32.8°C | Hum: 71.3%"
"13:24:24.855 -> Soil: 91.0% | Temp: 32.8°C | Hum: 70.6%"
"13:24:29.849 -> Soil: 90.0% | Temp: 32.8°C | Hum: 70.4%"
"13:24:34.890 -> Soil: 91.0% | Temp: 32.8°C | Hum: 70.9%"
"13:24:39.884 -> Soil: 92.0% | Temp: 32.9°C | Hum: 71.2%"
"13:24:44.886 -> Soil: 91.0% | Temp: 32.9°C | Hum: 71.2%"
"13:24:49.883 -> Soil: 91.0% | Temp: 32.8°C | Hum: 70.7%"
"13:24:54.870 -> Soil: 91.0% | Temp: 32.8°C | Hum: 71.5%"
"13:24:59.867 -> Soil: 91.0% | Temp: 32.8°C | Hum: 71.5%"
"13:25:04.869 -> Soil: 91.0% | Temp: 32.8°C | Hum: 71.9%"
"13:25:09.869 -> Soil: 91.0% | Temp: 32.8°C | Hum: 71.6%"
"13:25:14.855 -> Soil: 91.0% | Temp: 32.8°C | Hum: 71.6%"
"13:25:19.851 -> Soil: 91.0% | Temp: 32.8°C | Hum: 71.3%"
"13:25:24.845 -> Soil: 91.0% | Temp: 32.8°C | Hum: 71.8%"
"13:25:29.879 -> Soil: 91.0% | Temp: 32.8°C | Hum: 71.6%"
"13:25:34.866 -> Soil: 91.0% | Temp: 32.8°C | Hum: 72.3%"
"13:25:39.857 -> Soil: 92.0% | Temp: 32.9°C | Hum: 72.1%"
"13:25:44.848 -> Soil: 91.0% | Temp: 32.8°C | Hum: 71.6%"
"13:25:49.844 -> Soil: 91.0% | Temp: 32.8°C | Hum: 71.9%"
"13:25:54.848 -> Soil: 91.0% | Temp: 32.8°C | Hum: 71.6%"
"13:25:59.887 -> Soil: 91.0% | Temp: 32.8°C | Hum: 71.7%"
"13:26:04.879 -> Soil: 91.0% | Temp: 32.8°C | Hum: 72.1%"
"13:26:09.871 -> Soil: 91.0% | Temp: 32.8°C | Hum: 72.1%"
"13:26:14.864 -> Soil: 91.0% | Temp: 32.8°C | Hum: 72.2%"
"13:26:19.861 -> Soil: 91.0% | Temp: 32.8°C | Hum: 72.7%"
"13:26:24.858 -> Soil: 91.0% | Temp: 32.8°C | Hum: 72.7%"
"13:26:29.861 -> Soil: 91.0% | Temp: 32.8°C | Hum: 72.2%"
"13:26:34.866 -> Soil: 91.0% | Temp: 32.8°C | Hum: 72.1%"
"13:26:39.853 -> Soil: 90.0% | Temp: 32.8°C | Hum: 72.5%"
"13:26:44.853 -> Soil: 91.0% | Temp: 32.8°C | Hum: 72.3%"
"13:26:49.851 -> Soil: 91.0% | Temp: 32.8°C | Hum: 73.0%"
"13:26:54.850 -> Soil: 90.0% | Temp: 32.8°C | Hum: 72.4%"
"13:26:59.846 -> Soil: 91.0% | Temp: 32.8°C | Hum: 72.6%"
"13:27:04.849 -> Soil: 91.0% | Temp: 32.9°C | Hum: 72.5%"
"13:27:09.846 -> Soil: 90.0% | Temp: 32.8°C | Hum: 72.8%"
"13:27:14.844 -> Soil: 91.0% | Temp: 32.8°C | Hum: 72.6%"
"13:27:19.884 -> Soil: 92.0% | Temp: 32.9°C | Hum: 72.0%"
"13:27:24.884 -> Soil: 91.0% | Temp: 32.8°C | Hum: 72.2%"
"13:27:29.886 -> Soil: 90.0% | Temp: 32.9°C | Hum: 72.4%"
"13:27:34.884 -> Soil: 90.0% | Temp: 32.9°C | Hum: 72.0%"
"13:27:39.882 -> Soil: 90.0% | Temp: 32.8°C | Hum: 72.0%"
"13:27:44.870 -> Soil: 91.0% | Temp: 32.9°C | Hum: 71.9%"
"13:27:49.860 -> Soil: 91.0% | Temp: 32.9°C | Hum: 71.9%"
"13:27:54.852 -> Soil: 90.0% | Temp: 32.8°C | Hum: 72.3%"
"13:27:59.849 -> Soil: 90.0% | Temp: 32.9°C | Hum: 72.1%"
"13:28:04.848 -> Soil: 91.0% | Temp: 32.8°C | Hum: 72.0%"
"13:28:09.885 -> Soil: 91.0% | Temp: 32.9°C | Hum: 72.4%"
"13:28:14.883 -> Soil: 91.0% | Temp: 32.9°C | Hum: 72.7%"
"13:28:19.883 -> Soil: 91.0% | Temp: 32.8°C | Hum: 72.6%"
"13:28:24.876 -> Soil: 90.0% | Temp: 32.9°C | Hum: 72.2%"
"13:28:29.877 -> Soil: 91.0% | Temp: 32.9°C | Hum: 72.3%"
"13:28:34.869 -> Soil: 90.0% | Temp: 32.9°C | Hum: 72.2%"
"13:28:39.869 -> Soil: 91.0% | Temp: 32.8°C | Hum: 72.3%"
"13:28:44.860 -> Soil: 90.0% | Temp: 32.9°C | Hum: 72.4%"
"13:28:49.856 -> Soil: 91.0% | Temp: 32.9°C | Hum: 72.1%"
"13:28:54.855 -> Soil: 90.0% | Temp: 32.9°C | Hum: 71.9%"
"13:28:59.840 -> Soil: 90.0% | Temp: 32.9°C | Hum: 72.5%"
"13:29:04.839 -> Soil: 91.0% | Temp: 32.9°C | Hum: 72.4%"
"13:29:09.885 -> Soil: 91.0% | Temp: 32.9°C | Hum: 71.9%"
"13:29:14.873 -> Soil: 91.0% | Temp: 32.9°C | Hum: 71.6%"
"13:29:19.869 -> Soil: 91.0% | Temp: 32.9°C | Hum: 72.4%"
"13:29:24.858 -> Soil: 91.0% | Temp: 32.9°C | Hum: 71.6%"
"13:29:29.853 -> Soil: 91.0% | Temp: 32.9°C | Hum: 71.8%"
"13:29:34.854 -> Soil: 91.0% | Temp: 32.9°C | Hum: 71.7%"
"13:29:39.853 -> Soil: 90.0% | Temp: 32.9°C | Hum: 71.8%"
"13:29:44.847 -> Soil: 91.0% | Temp: 32.9°C | Hum: 71.9%"
"13:29:49.845 -> Soil: 91.0% | Temp: 32.9°C | Hum: 72.2%"
"13:29:54.847 -> Soil: 91.0% | Temp: 32.9°C | Hum: 72.3%"
"13:29:59.845 -> Soil: 90.0% | Temp: 32.9°C | Hum: 71.7%"
"13:30:04.840 -> Soil: 91.0% | Temp: 32.8°C | Hum: 72.2%"
"13:30:09.837 -> Soil: 91.0% | Temp: 32.9°C | Hum: 72.0%"
"13:30:14.881 -> Soil: 91.0% | Temp: 32.9°C | Hum: 72.2%"
"13:30:19.874 -> Soil: 91.0% | Temp: 32.9°C | Hum: 72.3%"
"13:30:24.875 -> Soil: 90.0% | Temp: 32.9°C | Hum: 72.4%"
"13:30:29.861 -> Soil: 91.0% | Temp: 32.9°C | Hum: 72.5%"
"13:30:34.858 -> Soil: 91.0% | Temp: 32.9°C | Hum: 72.7%"
"13:30:39.872 -> Soil: 91.0% | Temp: 32.9°C | Hum: 72.9%"
"13:30:44.872 -> Soil: 91.0% | Temp: 32.9°C | Hum: 73.0%"
"13:30:49.851 -> Soil: 91.0% | Temp: 32.9°C | Hum: 72.6%"
"13:30:54.843 -> Soil: 91.0% | Temp: 32.9°C | Hum: 72.6%"
"13:30:59.877 -> Soil: 90.0% | Temp: 32.9°C | Hum: 73.1%"
"13:31:04.852 -> Soil: 91.0% | Temp: 32.9°C | Hum: 72.4%"
"13:31:09.856 -> Soil: 91.0% | Temp: 32.9°C | Hum: 72.2%"
"13:31:14.870 -> Soil: 91.0% | Temp: 32.9°C | Hum: 72.3%"
"13:31:19.838 -> Soil: 91.0% | Temp: 32.9°C | Hum: 72.8%"
"13:31:24.870 -> Soil: 90.0% | Temp: 32.9°C | Hum: 72.6%"
"13:31:29.853 -> Soil: 91.0% | Temp: 32.9°C | Hum: 72.7%"
"13:31:34.844 -> Soil: 91.0% | Temp: 32.9°C | Hum: 72.9%"
"13:31:39.846 -> Soil: 90.0% | Temp: 32.8°C | Hum: 73.5%"
"13:31:44.835 -> Soil: 90.0% | Temp: 32.8°C | Hum: 73.5%"
"13:31:49.834 -> Soil: 91.0% | Temp: 32.9°C | Hum: 73.1%"
"13:31:54.851 -> Soil: 91.0% | Temp: 32.8°C | Hum: 72.8%"
"13:31:59.838 -> Soil: 91.0% | Temp: 32.8°C | Hum: 72.5%"
"13:32:04.867 -> Soil: 91.0% | Temp: 32.8°C | Hum: 72.6%"
"13:32:14.841 -> Soil: 90.0% | Temp: 32.8°C | Hum: 73.2%"
"13:32:19.835 -> Soil: 91.0% | Temp: 32.9°C | Hum: 73.0%"
"13:32:24.856 -> Soil: 91.0% | Temp: 32.8°C | Hum: 72.7%"
"13:32:29.833 -> Soil: 90.0% | Temp: 32.8°C | Hum: 73.1%"
"13:32:34.848 -> Soil: 90.0% | Temp: 32.9°C | Hum: 72.7%"
"13:32:39.867 -> Soil: 91.0% | Temp: 32.8°C | Hum: 72.7%"
"13:32:44.863 -> Soil: 90.0% | Temp: 32.8°C | Hum: 72.7%"
"13:32:49.859 -> Soil: 91.0% | Temp: 32.9°C | Hum: 73.4%"
"13:32:54.873 -> Soil: 90.0% | Temp: 32.8°C | Hum: 74.4%"
"13:32:59.858 -> Soil: 90.0% | Temp: 32.8°C | Hum: 74.2%"
"13:33:04.837 -> Soil: 91.0% | Temp: 32.8°C | Hum: 73.5%"
"13:33:09.836 -> Soil: 91.0% | Temp: 32.8°C | Hum: 72.7%"
"13:33:14.849 -> Soil: 91.0% | Temp: 32.8°C | Hum: 72.9%"
"13:33:19.868 -> Soil: 91.0% | Temp: 32.8°C | Hum: 73.4%"
"13:33:24.865 -> Soil: 91.0% | Temp: 32.8°C | Hum: 73.1%"
"13:33:29.854 -> Soil: 91.0% | Temp: 32.8°C | Hum: 73.3%"
"13:33:34.860 -> Soil: 91.0% | Temp: 32.8°C | Hum: 73.0%"
"13:33:39.861 -> Soil: 91.0% | Temp: 32.8°C | Hum: 73.0%"
"13:33:44.857 -> Soil: 91.0% | Temp: 32.8°C | Hum: 72.6%"
"13:33:49.858 -> Soil: 91.0% | Temp: 32.8°C | Hum: 72.4%"
"13:33:54.855 -> Soil: 91.0% | Temp: 32.8°C | Hum: 73.3%"
"13:33:59.864 -> Soil: 91.0% | Temp: 32.8°C | Hum: 73.2%"
"13:34:04.861 -> Soil: 91.0% | Temp: 32.8°C | Hum: 72.8%"
"13:34:09.863 -> Soil: 91.0% | Temp: 32.8°C | Hum: 72.7%"
"13:34:14.851 -> Soil: 91.0% | Temp: 32.8°C | Hum: 73.4%"
"13:34:19.838 -> Soil: 91.0% | Temp: 32.8°C | Hum: 73.4%"
"13:34:24.872 -> Soil: 91.0% | Temp: 32.8°C | Hum: 73.1%"
"13:34:29.869 -> Soil: 90.0% | Temp: 32.8°C | Hum: 72.9%"
"13:34:34.865 -> Soil: 90.0% | Temp: 32.8°C | Hum: 72.9%"
"13:34:39.862 -> Soil: 90.0% | Temp: 32.8°C | Hum: 73.5%"
"13:34:44.852 -> Soil: 90.0% | Temp: 32.8°C | Hum: 73.3%"
"13:34:49.840 -> Soil: 90.0% | Temp: 32.8°C | Hum: 72.9%"
"13:34:54.873 -> Soil: 90.0% | Temp: 32.8°C | Hum: 73.0%"
"13:34:59.845 -> Soil: 91.0% | Temp: 32.8°C | Hum: 72.7%"
"13:35:04.864 -> Soil: 90.0% | Temp: 32.8°C | Hum: 73.1%"
"13:35:09.834 -> Soil: 90.0% | Temp: 32.8°C | Hum: 73.3%"
"13:35:14.863 -> Soil: 90.0% | Temp: 32.8°C | Hum: 73.9%"
"13:35:19.843 -> Soil: 90.0% | Temp: 32.8°C | Hum: 72.5%"
"13:35:24.854 -> Soil: 90.0% | Temp: 32.8°C | Hum: 72.4%"
"13:35:29.835 -> Soil: 90.0% | Temp: 32.8°C | Hum: 72.4%"
"13:35:34.873 -> Soil: 91.0% | Temp: 32.8°C | Hum: 72.9%"
"13:35:39.869 -> Soil: 90.0% | Temp: 32.8°C | Hum: 72.8%"
"13:35:44.876 -> Soil: 90.0% | Temp: 32.8°C | Hum: 72.9%"
"13:35:49.831 -> Soil: 90.0% | Temp: 32.8°C | Hum: 72.8%"
"13:35:54.872 -> Soil: 91.0% | Temp: 32.8°C | Hum: 72.7%"
"13:35:59.872 -> Soil: 90.0% | Temp: 32.8°C | Hum: 73.5%"
"13:36:04.867 -> Soil: 90.0% | Temp: 32.8°C | Hum: 73.6%"
"13:36:09.856 -> Soil: 90.0% | Temp: 32.8°C | Hum: 73.3%"
"13:36:14.848 -> Soil: 90.0% | Temp: 32.8°C | Hum: 73.9%"
"13:36:19.845 -> Soil: 90.0% | Temp: 32.8°C | Hum: 73.5%"
"13:36:24.846 -> Soil: 91.0% | Temp: 32.8°C | Hum: 72.9%"
"13:36:29.842 -> Soil: 90.0% | Temp: 32.8°C | Hum: 72.1%"
"13:36:34.844 -> Soil: 90.0% | Temp: 32.8°C | Hum: 72.1%"
"13:36:39.838 -> Soil: 90.0% | Temp: 32.8°C | Hum: 71.9%"
"13:36:44.833 -> Soil: 90.0% | Temp: 32.8°C | Hum: 72.2%"
"13:36:49.831 -> Soil: 90.0% | Temp: 32.8°C | Hum: 72.1%"
"13:36:54.870 -> Soil: 90.0% | Temp: 32.8°C | Hum: 72.2%"
"13:36:59.870 -> Soil: 90.0% | Temp: 32.9°C | Hum: 72.5%"
"13:37:04.866 -> Soil: 90.0% | Temp: 32.8°C | Hum: 72.3%"
"13:37:09.858 -> Soil: 90.0% | Temp: 32.8°C | Hum: 71.9%"
"13:37:14.857 -> Soil: 90.0% | Temp: 32.8°C | Hum: 71.8%"
"13:37:19.857 -> Soil: 90.0% | Temp: 32.9°C | Hum: 71.8%"
"13:37:24.850 -> Soil: 90.0% | Temp: 32.9°C | Hum: 71.4%"
"13:37:29.849 -> Soil: 90.0% | Temp: 32.8°C | Hum: 71.8%"
"13:37:34.849 -> Soil: 90.0% | Temp: 32.8°C | Hum: 72.3%"
"13:37:39.844 -> Soil: 90.0% | Temp: 32.8°C | Hum: 72.4%"
"13:37:44.847 -> Soil: 90.0% | Temp: 32.9°C | Hum: 72.0%"
"13:37:49.844 -> Soil: 90.0% | Temp: 32.8°C | Hum: 71.9%"
"13:37:54.842 -> Soil: 90.0% | Temp: 32.8°C | Hum: 72.6%"
"13:37:59.849 -> Soil: 90.0% | Temp: 32.9°C | Hum: 72.9%"
"13:38:04.847 -> Soil: 90.0% | Temp: 32.9°C | Hum: 72.6%"
"13:38:09.849 -> Soil: 90.0% | Temp: 32.9°C | Hum: 72.3%"
"13:38:14.840 -> Soil: 90.0% | Temp: 32.9°C | Hum: 71.9%"
"13:38:19.836 -> Soil: 90.0% | Temp: 32.9°C | Hum: 71.5%"
"13:38:24.835 -> Soil: 90.0% | Temp: 32.9°C | Hum: 71.6%"
"13:38:29.832 -> Soil: 90.0% | Temp: 32.8°C | Hum: 71.5%"
"13:38:34.829 -> Soil: 90.0% | Temp: 32.9°C | Hum: 72.1%"
"13:38:39.827 -> Soil: 90.0% | Temp: 32.9°C | Hum: 72.3%"
"13:38:44.825 -> Soil: 90.0% | Temp: 32.9°C | Hum: 72.2%"
"13:38:49.868 -> Soil: 90.0% | Temp: 32.9°C | Hum: 71.8%"
"13:38:54.863 -> Soil: 90.0% | Temp: 32.9°C | Hum: 72.0%"
"13:38:59.858 -> Soil: 90.0% | Temp: 32.9°C | Hum: 72.9%"
"13:39:04.861 -> Soil: 90.0% | Temp: 32.9°C | Hum: 73.1%"
"13:39:09.855 -> Soil: 90.0% | Temp: 32.9°C | Hum: 73.0%"
"13:39:14.861 -> Soil: 90.0% | Temp: 32.9°C | Hum: 72.1%"
"13:39:19.860 -> Soil: 90.0% | Temp: 32.9°C | Hum: 71.7%"
"13:39:24.853 -> Soil: 90.0% | Temp: 32.9°C | Hum: 71.8%"
"13:39:29.853 -> Soil: 90.0% | Temp: 32.9°C | Hum: 71.9%"
"13:39:34.849 -> Soil: 90.0% | Temp: 32.9°C | Hum: 71.7%"
"13:39:39.841 -> Soil: 90.0% | Temp: 32.9°C | Hum: 71.5%"
"13:39:44.837 -> Soil: 90.0% | Temp: 32.9°C | Hum: 71.4%"
"13:39:49.828 -> Soil: 90.0% | Temp: 32.9°C | Hum: 71.4%"
"13:39:54.826 -> Soil: 90.0% | Temp: 32.9°C | Hum: 71.4%"
"13:39:59.866 -> Soil: 90.0% | Temp: 32.8°C | Hum: 71.6%"
"13:40:04.863 -> Soil: 89.0% | Temp: 32.8°C | Hum: 71.4%"
"13:40:09.862 -> Soil: 89.0% | Temp: 32.9°C | Hum: 71.7%"
"13:40:14.866 -> Soil: 90.0% | Temp: 32.9°C | Hum: 71.7%"
"13:40:19.860 -> Soil: 90.0% | Temp: 32.9°C | Hum: 71.3%"
"13:40:24.860 -> Soil: 90.0% | Temp: 32.9°C | Hum: 71.8%"
"13:40:29.860 -> Soil: 90.0% | Temp: 32.8°C | Hum: 72.0%"
"13:40:34.857 -> Soil: 90.0% | Temp: 32.8°C | Hum: 72.0%"
"13:40:39.849 -> Soil: 90.0% | Temp: 32.9°C | Hum: 71.8%"
"13:40:44.842 -> Soil: 90.0% | Temp: 32.8°C | Hum: 71.9%"
"13:40:49.841 -> Soil: 90.0% | Temp: 32.8°C | Hum: 72.0%"
"13:40:54.839 -> Soil: 89.0% | Temp: 32.8°C | Hum: 71.9%"
"13:40:59.840 -> Soil: 90.0% | Temp: 32.8°C | Hum: 71.8%"
"13:41:04.844 -> Soil: 90.0% | Temp: 32.8°C | Hum: 71.8%"
"13:41:09.839 -> Soil: 90.0% | Temp: 32.8°C | Hum: 72.0%"
"13:41:14.835 -> Soil: 90.0% | Temp: 32.8°C | Hum: 72.0%"
"13:41:19.825 -> Soil: 90.0% | Temp: 32.8°C | Hum: 72.0%"
"13:41:24.824 -> Soil: 89.0% | Temp: 32.8°C | Hum: 72.0%"
"13:41:29.821 -> Soil: 90.0% | Temp: 32.8°C | Hum: 71.9%"
"13:41:34.820 -> Soil: 89.0% | Temp: 32.8°C | Hum: 72.1%"
"13:41:39.866 -> Soil: 90.0% | Temp: 32.8°C | Hum: 72.3%"
"13:41:44.859 -> Soil: 90.0% | Temp: 32.8°C | Hum: 72.1%"
"13:41:49.861 -> Soil: 89.0% | Temp: 32.8°C | Hum: 72.0%"
"13:41:54.850 -> Soil: 89.0% | Temp: 32.8°C | Hum: 72.2%"
"13:41:59.852 -> Soil: 89.0% | Temp: 32.8°C | Hum: 72.1%"
"13:42:04.850 -> Soil: 89.0% | Temp: 32.8°C | Hum: 72.0%"
"13:42:09.837 -> Soil: 90.0% | Temp: 32.7°C | Hum: 71.7%"
"13:42:14.835 -> Soil: 90.0% | Temp: 32.7°C | Hum: 71.7%"
"13:42:19.828 -> Soil: 89.0% | Temp: 32.8°C | Hum: 72.0%"
"13:42:24.820 -> Soil: 89.0% | Temp: 32.7°C | Hum: 71.6%"
"13:42:29.820 -> Soil: 89.0% | Temp: 32.7°C | Hum: 71.7%"
"13:42:34.819 -> Soil: 89.0% | Temp: 32.7°C | Hum: 71.7%"
"13:42:39.827 -> Soil: 88.0% | Temp: 32.7°C | Hum: 71.7%"
"13:42:44.827 -> Soil: 89.0% | Temp: 32.7°C | Hum: 71.7%"
"13:42:49.818 -> Soil: 89.0% | Temp: 32.7°C | Hum: 72.0%"
"13:42:54.818 -> Soil: 89.0% | Temp: 32.7°C | Hum: 71.7%"
"13:42:59.842 -> Soil: 89.0% | Temp: 32.7°C | Hum: 71.8%"
"13:43:04.840 -> Soil: 89.0% | Temp: 32.7°C | Hum: 71.8%"
"13:43:09.834 -> Soil: 89.0% | Temp: 32.7°C | Hum: 72.0%"
"13:43:14.830 -> Soil: 89.0% | Temp: 32.7°C | Hum: 71.8%"
"13:43:19.826 -> Soil: 89.0% | Temp: 32.7°C | Hum: 71.8%"
"13:43:24.824 -> Soil: 89.0% | Temp: 32.7°C | Hum: 71.8%"
"13:43:29.825 -> Soil: 89.0% | Temp: 32.7°C | Hum: 71.5%"
"13:43:34.824 -> Soil: 89.0% | Temp: 32.7°C | Hum: 71.9%"
"13:43:39.818 -> Soil: 89.0% | Temp: 32.7°C | Hum: 71.9%"
"13:43:44.863 -> Soil: 89.0% | Temp: 32.7°C | Hum: 72.0%"
"13:43:49.861 -> Soil: 89.0% | Temp: 32.7°C | Hum: 71.6%"
"13:43:54.862 -> Soil: 89.0% | Temp: 32.7°C | Hum: 71.9%"
"13:43:59.854 -> Soil: 89.0% | Temp: 32.7°C | Hum: 71.7%"
"13:44:04.860 -> Soil: 89.0% | Temp: 32.7°C | Hum: 72.3%"
"13:44:09.852 -> Soil: 89.0% | Temp: 32.7°C | Hum: 72.0%"
"13:44:14.855 -> Soil: 89.0% | Temp: 32.7°C | Hum: 71.8%"
"13:44:19.844 -> Soil: 89.0% | Temp: 32.7°C | Hum: 72.0%"
"13:44:24.839 -> Soil: 89.0% | Temp: 32.7°C | Hum: 72.1%"
"13:44:29.843 -> Soil: 89.0% | Temp: 32.7°C | Hum: 72.2%"
"13:44:34.835 -> Soil: 89.0% | Temp: 32.7°C | Hum: 72.3%"
"13:44:39.832 -> Soil: 89.0% | Temp: 32.7°C | Hum: 72.2%"
"13:44:44.830 -> Soil: 89.0% | Temp: 32.7°C | Hum: 72.3%"
"13:44:49.831 -> Soil: 89.0% | Temp: 32.7°C | Hum: 71.9%"
"13:44:54.822 -> Soil: 89.0% | Temp: 32.7°C | Hum: 72.1%"
"13:44:59.824 -> Soil: 89.0% | Temp: 32.7°C | Hum: 72.3%"
"13:45:04.824 -> Soil: 89.0% | Temp: 32.7°C | Hum: 72.4%"
"13:45:09.824 -> Soil: 89.0% | Temp: 32.7°C | Hum: 72.3%"
"13:45:14.821 -> Soil: 89.0% | Temp: 32.6°C | Hum: 72.4%"
"13:45:19.826 -> Soil: 89.0% | Temp: 32.7°C | Hum: 72.2%"
"13:45:24.821 -> Soil: 89.0% | Temp: 32.6°C | Hum: 72.3%"
"13:45:29.828 -> Soil: 89.0% | Temp: 32.7°C | Hum: 72.3%"
"13:45:34.825 -> Soil: 89.0% | Temp: 32.7°C | Hum: 72.3%"
"13:45:39.822 -> Soil: 89.0% | Temp: 32.7°C | Hum: 72.0%"
"13:45:44.859 -> Soil: 89.0% | Temp: 32.7°C | Hum: 71.9%"
"13:45:49.860 -> Soil: 90.0% | Temp: 32.7°C | Hum: 72.0%"
"13:45:54.858 -> Soil: 89.0% | Temp: 32.7°C | Hum: 71.9%"
"13:45:59.858 -> Soil: 90.0% | Temp: 32.7°C | Hum: 71.9%"
"13:46:04.856 -> Soil: 89.0% | Temp: 32.7°C | Hum: 72.1%"
"13:46:09.858 -> Soil: 89.0% | Temp: 32.7°C | Hum: 72.0%"
"13:46:14.854 -> Soil: 89.0% | Temp: 32.7°C | Hum: 71.7%"
"13:46:19.846 -> Soil: 89.0% | Temp: 32.7°C | Hum: 71.9%"
"13:46:24.839 -> Soil: 89.0% | Temp: 32.7°C | Hum: 72.0%"
"13:46:29.837 -> Soil: 89.0% | Temp: 32.7°C | Hum: 71.8%"
"13:46:34.833 -> Soil: 90.0% | Temp: 32.7°C | Hum: 72.0%"
"13:46:39.822 -> Soil: 89.0% | Temp: 32.6°C | Hum: 71.8%"
"13:46:44.818 -> Soil: 89.0% | Temp: 32.7°C | Hum: 72.0%"
"13:46:49.820 -> Soil: 90.0% | Temp: 32.7°C | Hum: 72.0%"
"13:46:54.820 -> Soil: 89.0% | Temp: 32.7°C | Hum: 72.0%"
"13:46:59.857 -> Soil: 89.0% | Temp: 32.7°C | Hum: 71.8%"
"13:47:04.813 -> Soil: 89.0% | Temp: 32.7°C | Hum: 72.1%"
"13:47:09.853 -> Soil: 89.0% | Temp: 32.7°C | Hum: 71.9%"
"13:47:14.851 -> Soil: 89.0% | Temp: 32.7°C | Hum: 71.8%"
"13:47:19.851 -> Soil: 89.0% | Temp: 32.7°C | Hum: 71.8%"
"13:47:24.848 -> Soil: 89.0% | Temp: 32.7°C | Hum: 72.0%"
"13:47:29.848 -> Soil: 89.0% | Temp: 32.7°C | Hum: 72.0%"
"13:47:34.847 -> Soil: 89.0% | Temp: 32.7°C | Hum: 72.0%"
"13:47:39.836 -> Soil: 89.0% | Temp: 32.7°C | Hum: 71.9%"
"13:47:44.833 -> Soil: 90.0% | Temp: 32.6°C | Hum: 71.9%"
"13:47:49.835 -> Soil: 90.0% | Temp: 32.7°C | Hum: 72.0%"
"13:47:54.824 -> Soil: 89.0% | Temp: 32.6°C | Hum: 71.7%"
"13:47:59.824 -> Soil: 89.0% | Temp: 32.6°C | Hum: 71.8%"
"13:48:04.821 -> Soil: 90.0% | Temp: 32.6°C | Hum: 71.9%"
"13:48:09.812 -> Soil: 90.0% | Temp: 32.6°C | Hum: 71.6%"
"13:48:14.813 -> Soil: 90.0% | Temp: 32.6°C | Hum: 71.8%"
"13:48:19.853 -> Soil: 89.0% | Temp: 32.7°C | Hum: 71.9%"
"13:48:24.850 -> Soil: 90.0% | Temp: 32.6°C | Hum: 71.9%"
"13:48:29.838 -> Soil: 90.0% | Temp: 32.6°C | Hum: 71.6%"
"13:48:34.829 -> Soil: 90.0% | Temp: 32.6°C | Hum: 72.0%"
"13:48:39.823 -> Soil: 89.0% | Temp: 32.6°C | Hum: 72.0%"
"13:48:44.856 -> Soil: 90.0% | Temp: 32.6°C | Hum: 71.8%"
"13:48:49.845 -> Soil: 90.0% | Temp: 32.6°C | Hum: 71.6%"
"13:48:54.837 -> Soil: 89.0% | Temp: 32.6°C | Hum: 71.6%"
"13:48:59.838 -> Soil: 89.0% | Temp: 32.7°C | Hum: 72.0%"
"13:49:04.838 -> Soil: 89.0% | Temp: 32.6°C | Hum: 72.1%"
"13:49:09.837 -> Soil: 89.0% | Temp: 32.6°C | Hum: 72.1%"
"13:49:14.833 -> Soil: 89.0% | Temp: 32.6°C | Hum: 72.0%"
"13:49:19.830 -> Soil: 90.0% | Temp: 32.6°C | Hum: 72.1%"
"13:49:24.824 -> Soil: 89.0% | Temp: 32.6°C | Hum: 71.9%"
"13:49:29.824 -> Soil: 89.0% | Temp: 32.6°C | Hum: 72.2%"
"13:49:34.820 -> Soil: 89.0% | Temp: 32.6°C | Hum: 72.2%"
"13:49:39.822 -> Soil: 89.0% | Temp: 32.6°C | Hum: 72.1%"
"13:49:44.853 -> Soil: 89.0% | Temp: 32.6°C | Hum: 71.8%"
"13:49:49.849 -> Soil: 89.0% | Temp: 32.6°C | Hum: 71.9%"
"13:49:54.845 -> Soil: 90.0% | Temp: 32.6°C | Hum: 72.0%"
"13:49:59.842 -> Soil: 89.0% | Temp: 32.6°C | Hum: 72.0%"
"13:50:04.831 -> Soil: 90.0% | Temp: 32.6°C | Hum: 72.2%"
"13:50:09.829 -> Soil: 89.0% | Temp: 32.6°C | Hum: 72.2%"
"13:50:14.826 -> Soil: 90.0% | Temp: 32.6°C | Hum: 71.9%"
"13:50:19.807 -> Soil: 89.0% | Temp: 32.6°C | Hum: 72.0%"
"13:50:24.829 -> Soil: 89.0% | Temp: 32.6°C | Hum: 72.0%"
"13:50:29.826 -> Soil: 90.0% | Temp: 32.6°C | Hum: 72.4%"
"13:50:34.830 -> Soil: 89.0% | Temp: 32.6°C | Hum: 72.2%"
"13:50:39.830 -> Soil: 90.0% | Temp: 32.6°C | Hum: 72.3%"
"13:50:44.833 -> Soil: 89.0% | Temp: 32.6°C | Hum: 72.2%"
"13:50:49.820 -> Soil: 90.0% | Temp: 32.6°C | Hum: 72.0%"
"13:50:54.811 -> Soil: 89.0% | Temp: 32.6°C | Hum: 72.1%"
"13:50:59.832 -> Soil: 89.0% | Temp: 32.6°C | Hum: 72.2%"
"13:51:04.818 -> Soil: 90.0% | Temp: 32.6°C | Hum: 72.1%"
"13:51:09.816 -> Soil: 89.0% | Temp: 32.6°C | Hum: 71.9%"
"13:51:14.838 -> Soil: 89.0% | Temp: 32.6°C | Hum: 72.1%"
"13:51:19.832 -> Soil: 90.0% | Temp: 32.6°C | Hum: 72.0%"
"13:51:24.834 -> Soil: 89.0% | Temp: 32.6°C | Hum: 72.3%"
"13:51:29.835 -> Soil: 90.0% | Temp: 32.6°C | Hum: 72.0%"
"13:51:34.808 -> Soil: 89.0% | Temp: 32.6°C | Hum: 72.2%"
"13:51:39.806 -> Soil: 89.0% | Temp: 32.6°C | Hum: 72.2%"
"13:51:44.805 -> Soil: 90.0% | Temp: 32.6°C | Hum: 72.2%"
"13:51:49.848 -> Soil: 89.0% | Temp: 32.6°C | Hum: 72.3%"
"13:51:54.829 -> Soil: 89.0% | Temp: 32.6°C | Hum: 72.3%"
"13:51:59.821 -> Soil: 89.0% | Temp: 32.6°C | Hum: 72.4%"
"13:52:04.822 -> Soil: 89.0% | Temp: 32.6°C | Hum: 72.4%"
"13:52:09.828 -> Soil: 89.0% | Temp: 32.6°C | Hum: 72.1%"
"13:52:14.825 -> Soil: 89.0% | Temp: 32.6°C | Hum: 72.4%"
"13:52:19.813 -> Soil: 90.0% | Temp: 32.6°C | Hum: 72.3%"
"13:52:24.850 -> Soil: 89.0% | Temp: 32.6°C | Hum: 72.2%"
"13:52:29.838 -> Soil: 89.0% | Temp: 32.6°C | Hum: 72.5%"
"13:52:34.823 -> Soil: 89.0% | Temp: 32.6°C | Hum: 72.6%"
"13:52:39.818 -> Soil: 89.0% | Temp: 32.6°C | Hum: 72.6%"
"13:52:44.822 -> Soil: 89.0% | Temp: 32.6°C | Hum: 72.6%"
"13:52:49.838 -> Soil: 90.0% | Temp: 32.6°C | Hum: 72.7%"
"13:52:54.829 -> Soil: 89.0% | Temp: 32.6°C | Hum: 72.4%"
"13:52:59.829 -> Soil: 89.0% | Temp: 32.6°C | Hum: 72.5%"
"13:53:04.812 -> Soil: 89.0% | Temp: 32.6°C | Hum: 72.4%"
"13:53:09.826 -> Soil: 89.0% | Temp: 32.6°C | Hum: 72.6%"
"13:53:14.850 -> Soil: 90.0% | Temp: 32.6°C | Hum: 72.5%"
"13:53:19.827 -> Soil: 89.0% | Temp: 32.6°C | Hum: 72.6%"
"13:53:24.819 -> Soil: 89.0% | Temp: 32.6°C | Hum: 72.6%"
"13:53:29.808 -> Soil: 89.0% | Temp: 32.6°C | Hum: 72.4%"
"13:53:34.846 -> Soil: 89.0% | Temp: 32.6°C | Hum: 72.3%"
"13:53:39.843 -> Soil: 89.0% | Temp: 32.6°C | Hum: 72.3%"
"13:53:44.846 -> Soil: 89.0% | Temp: 32.6°C | Hum: 72.3%"
"13:53:49.845 -> Soil: 90.0% | Temp: 32.6°C | Hum: 72.5%"
"13:53:54.806 -> Soil: 89.0% | Temp: 32.6°C | Hum: 72.4%"
"13:53:59.806 -> Soil: 90.0% | Temp: 32.6°C | Hum: 72.4%"
"13:54:04.810 -> Soil: 89.0% | Temp: 32.6°C | Hum: 72.5%"
"13:54:09.847 -> Soil: 89.0% | Temp: 32.6°C | Hum: 72.3%"
"13:54:14.805 -> Soil: 90.0% | Temp: 32.6°C | Hum: 72.6%"
"13:54:19.830 -> Soil: 90.0% | Temp: 32.6°C | Hum: 72.5%"
"13:54:24.825 -> Soil: 89.0% | Temp: 32.6°C | Hum: 72.7%"
"13:54:29.805 -> Soil: 89.0% | Temp: 32.6°C | Hum: 72.8%"
"13:54:34.840 -> Soil: 90.0% | Temp: 32.6°C | Hum: 72.6%"
"13:54:39.815 -> Soil: 90.0% | Temp: 32.6°C | Hum: 72.7%"
"13:54:44.814 -> Soil: 90.0% | Temp: 32.6°C | Hum: 72.6%"
"13:54:49.802 -> Soil: 89.0% | Temp: 32.6°C | Hum: 72.5%"
"13:54:54.808 -> Soil: 90.0% | Temp: 32.6°C | Hum: 72.5%"
"13:54:59.831 -> Soil: 90.0% | Temp: 32.6°C | Hum: 72.7%"
"13:55:04.803 -> Soil: 90.0% | Temp: 32.6°C | Hum: 72.8%"
"13:55:09.846 -> Soil: 90.0% | Temp: 32.6°C | Hum: 72.3%"
"13:55:14.835 -> Soil: 90.0% | Temp: 32.6°C | Hum: 72.5%"
"13:55:19.831 -> Soil: 90.0% | Temp: 32.6°C | Hum: 72.6%"
"13:55:24.818 -> Soil: 90.0% | Temp: 32.6°C | Hum: 72.5%"
"13:55:29.807 -> Soil: 90.0% | Temp: 32.6°C | Hum: 72.7%"
"13:55:34.845 -> Soil: 90.0% | Temp: 32.6°C | Hum: 72.5%"
"13:55:39.836 -> Soil: 90.0% | Temp: 32.5°C | Hum: 72.3%"
"13:55:44.821 -> Soil: 90.0% | Temp: 32.6°C | Hum: 72.1%"
"13:55:49.805 -> Soil: 90.0% | Temp: 32.6°C | Hum: 72.2%"
"13:55:54.824 -> Soil: 90.0% | Temp: 32.5°C | Hum: 72.2%"
"13:55:59.807 -> Soil: 90.0% | Temp: 32.6°C | Hum: 72.3%"
"13:56:04.844 -> Soil: 90.0% | Temp: 32.6°C | Hum: 72.3%"
"13:56:09.801 -> Soil: 90.0% | Temp: 32.5°C | Hum: 72.3%"
"13:56:14.801 -> Soil: 90.0% | Temp: 32.5°C | Hum: 72.4%"
"13:56:19.799 -> Soil: 90.0% | Temp: 32.6°C | Hum: 72.5%"
"13:56:24.833 -> Soil: 90.0% | Temp: 32.6°C | Hum: 72.2%"
"13:56:29.835 -> Soil: 91.0% | Temp: 32.5°C | Hum: 72.2%"
"13:56:34.831 -> Soil: 90.0% | Temp: 32.5°C | Hum: 72.3%"
"13:56:39.823 -> Soil: 90.0% | Temp: 32.6°C | Hum: 72.6%"
"13:56:44.809 -> Soil: 90.0% | Temp: 32.5°C | Hum: 72.3%"
"13:56:49.799 -> Soil: 90.0% | Temp: 32.5°C | Hum: 72.2%"
"13:56:54.836 -> Soil: 90.0% | Temp: 32.6°C | Hum: 72.0%"
"13:56:59.829 -> Soil: 90.0% | Temp: 32.5°C | Hum: 72.3%"
"13:57:04.828 -> Soil: 90.0% | Temp: 32.5°C | Hum: 72.2%"
"13:57:09.811 -> Soil: 91.0% | Temp: 32.5°C | Hum: 72.2%"
"13:57:14.820 -> Soil: 90.0% | Temp: 32.5°C | Hum: 72.3%"
"13:57:19.821 -> Soil: 90.0% | Temp: 32.5°C | Hum: 72.4%"
"13:57:24.810 -> Soil: 90.0% | Temp: 32.5°C | Hum: 72.2%"
"13:57:29.813 -> Soil: 90.0% | Temp: 32.5°C | Hum: 72.5%"
"13:57:34.798 -> Soil: 90.0% | Temp: 32.5°C | Hum: 72.3%"
"13:57:39.839 -> Soil: 90.0% | Temp: 32.5°C | Hum: 72.5%"
"13:57:44.827 -> Soil: 90.0% | Temp: 32.5°C | Hum: 72.6%"
"13:57:49.801 -> Soil: 91.0% | Temp: 32.5°C | Hum: 72.6%"
"13:57:54.836 -> Soil: 90.0% | Temp: 32.5°C | Hum: 72.5%"
"13:57:59.803 -> Soil: 90.0% | Temp: 32.5°C | Hum: 72.5%"
"13:58:04.805 -> Soil: 91.0% | Temp: 32.5°C | Hum: 72.4%"
"13:58:09.796 -> Soil: 91.0% | Temp: 32.5°C | Hum: 72.4%"
"13:58:14.816 -> Soil: 91.0% | Temp: 32.5°C | Hum: 72.3%"
"13:58:19.802 -> Soil: 90.0% | Temp: 32.5°C | Hum: 72.2%"
"13:58:24.814 -> Soil: 90.0% | Temp: 32.5°C | Hum: 72.3%"
"13:58:29.831 -> Soil: 91.0% | Temp: 32.5°C | Hum: 72.3%"
"13:58:34.814 -> Soil: 90.0% | Temp: 32.5°C | Hum: 72.1%"
"13:58:39.796 -> Soil: 90.0% | Temp: 32.4°C | Hum: 72.3%"
"13:58:44.830 -> Soil: 91.0% | Temp: 32.5°C | Hum: 72.6%"
"13:58:49.822 -> Soil: 91.0% | Temp: 32.5°C | Hum: 72.4%"
"13:58:54.822 -> Soil: 91.0% | Temp: 32.5°C | Hum: 72.1%"
"13:58:59.814 -> Soil: 91.0% | Temp: 32.5°C | Hum: 72.2%"
"13:59:04.815 -> Soil: 90.0% | Temp: 32.5°C | Hum: 72.2%"
"13:59:09.801 -> Soil: 91.0% | Temp: 32.5°C | Hum: 72.4%"
"13:59:14.799 -> Soil: 91.0% | Temp: 32.5°C | Hum: 72.4%"
"13:59:19.795 -> Soil: 90.0% | Temp: 32.5°C | Hum: 72.3%"
"13:59:24.830 -> Soil: 91.0% | Temp: 32.5°C | Hum: 72.5%"
"13:59:29.817 -> Soil: 91.0% | Temp: 32.5°C | Hum: 72.1%"
"13:59:34.813 -> Soil: 91.0% | Temp: 32.5°C | Hum: 72.2%"
"13:59:39.807 -> Soil: 91.0% | Temp: 32.5°C | Hum: 72.3%"
"13:59:44.827 -> Soil: 91.0% | Temp: 32.5°C | Hum: 72.2%"
"13:59:49.811 -> Soil: 91.0% | Temp: 32.5°C | Hum: 72.3%"
"13:59:54.836 -> Soil: 90.0% | Temp: 32.5°C | Hum: 72.5%"
"13:59:59.833 -> Soil: 91.0% | Temp: 32.5°C | Hum: 72.5%"
"14:00:04.832 -> Soil: 90.0% | Temp: 32.5°C | Hum: 72.5%"
"14:00:09.817 -> Soil: 90.0% | Temp: 32.5°C | Hum: 72.2%"
"14:00:14.806 -> Soil: 90.0% | Temp: 32.5°C | Hum: 72.2%"
"14:00:19.798 -> Soil: 91.0% | Temp: 32.5°C | Hum: 72.4%"
"14:00:24.827 -> Soil: 91.0% | Temp: 32.5°C | Hum: 72.4%"
"14:00:29.806 -> Soil: 91.0% | Temp: 32.5°C | Hum: 72.4%"
"14:00:34.837 -> Soil: 91.0% | Temp: 32.5°C | Hum: 72.4%"
"14:00:39.828 -> Soil: 90.0% | Temp: 32.5°C | Hum: 72.3%"
"14:00:44.818 -> Soil: 90.0% | Temp: 32.4°C | Hum: 72.2%"
"14:00:49.795 -> Soil: 91.0% | Temp: 32.5°C | Hum: 72.4%"
"14:00:54.811 -> Soil: 90.0% | Temp: 32.5°C | Hum: 72.2%"
"14:00:59.792 -> Soil: 90.0% | Temp: 32.5°C | Hum: 72.2%"
"14:01:04.808 -> Soil: 91.0% | Temp: 32.5°C | Hum: 72.5%"
"14:01:09.820 -> Soil: 91.0% | Temp: 32.5°C | Hum: 72.4%"
"14:01:14.792 -> Soil: 90.0% | Temp: 32.5°C | Hum: 72.4%"
"14:01:19.798 -> Soil: 90.0% | Temp: 32.5°C | Hum: 72.5%"
"14:01:24.815 -> Soil: 90.0% | Temp: 32.5°C | Hum: 72.5%"
"14:01:29.804 -> Soil: 90.0% | Temp: 32.5°C | Hum: 72.5%"
"14:01:34.797 -> Soil: 90.0% | Temp: 32.5°C | Hum: 72.2%"
"14:01:39.789 -> Soil: 91.0% | Temp: 32.5°C | Hum: 72.5%"
"14:01:44.827 -> Soil: 90.0% | Temp: 32.5°C | Hum: 72.1%"
"14:01:49.819 -> Soil: 91.0% | Temp: 32.5°C | Hum: 72.3%"
"14:01:54.811 -> Soil: 90.0% | Temp: 32.5°C | Hum: 72.6%"
"14:01:59.789 -> Soil: 90.0% | Temp: 32.5°C | Hum: 72.5%"
"14:02:04.805 -> Soil: 91.0% | Temp: 32.5°C | Hum: 72.5%"
"14:02:09.791 -> Soil: 90.0% | Temp: 32.5°C | Hum: 72.5%"
"14:02:14.819 -> Soil: 91.0% | Temp: 32.5°C | Hum: 72.6%"
"14:02:19.790 -> Soil: 90.0% | Temp: 32.5°C | Hum: 72.7%"
"14:02:24.792 -> Soil: 91.0% | Temp: 32.4°C | Hum: 72.5%"
"14:02:29.824 -> Soil: 90.0% | Temp: 32.5°C | Hum: 72.7%"
"14:02:34.808 -> Soil: 90.0% | Temp: 32.5°C | Hum: 72.7%"
"14:02:39.807 -> Soil: 91.0% | Temp: 32.5°C | Hum: 72.6%"
"14:02:44.804 -> Soil: 91.0% | Temp: 32.5°C | Hum: 72.8%"
"14:02:49.804 -> Soil: 91.0% | Temp: 32.5°C | Hum: 72.7%"
"14:02:54.823 -> Soil: 91.0% | Temp: 32.5°C | Hum: 72.5%"
"14:02:59.789 -> Soil: 91.0% | Temp: 32.5°C | Hum: 72.6%"
"14:03:04.825 -> Soil: 91.0% | Temp: 32.5°C | Hum: 72.7%"
"14:03:09.826 -> Soil: 91.0% | Temp: 32.5°C | Hum: 72.8%"
"14:03:14.822 -> Soil: 91.0% | Temp: 32.4°C | Hum: 73.1%"
"14:03:19.812 -> Soil: 91.0% | Temp: 32.5°C | Hum: 73.4%"
"14:03:24.800 -> Soil: 91.0% | Temp: 32.5°C | Hum: 73.3%"
"14:03:29.803 -> Soil: 90.0% | Temp: 32.5°C | Hum: 73.2%"
"14:03:34.788 -> Soil: 90.0% | Temp: 32.5°C | Hum: 73.3%"
"14:03:39.825 -> Soil: 90.0% | Temp: 32.5°C | Hum: 73.2%"
"14:03:44.808 -> Soil: 91.0% | Temp: 32.5°C | Hum: 72.9%"
"14:03:49.826 -> Soil: 90.0% | Temp: 32.5°C | Hum: 72.9%"
"14:03:54.822 -> Soil: 90.0% | Temp: 32.5°C | Hum: 73.3%"
"14:03:59.805 -> Soil: 90.0% | Temp: 32.5°C | Hum: 72.9%"
"14:04:04.803 -> Soil: 90.0% | Temp: 32.5°C | Hum: 73.6%"
"14:04:09.807 -> Soil: 90.0% | Temp: 32.5°C | Hum: 73.1%"
"14:04:14.798 -> Soil: 91.0% | Temp: 32.5°C | Hum: 73.3%"
"14:04:19.822 -> Soil: 90.0% | Temp: 32.5°C | Hum: 73.2%"
"14:04:24.816 -> Soil: 90.0% | Temp: 32.5°C | Hum: 73.2%"
"14:04:29.788 -> Soil: 90.0% | Temp: 32.5°C | Hum: 73.3%"
"14:04:34.822 -> Soil: 90.0% | Temp: 32.5°C | Hum: 73.2%"
"14:04:39.811 -> Soil: 90.0% | Temp: 32.6°C | Hum: 73.9%"
"14:04:44.822 -> Soil: 90.0% | Temp: 32.6°C | Hum: 73.4%"
"14:04:49.806 -> Soil: 90.0% | Temp: 32.5°C | Hum: 73.0%"
"14:04:54.826 -> Soil: 91.0% | Temp: 32.5°C | Hum: 72.8%"
"14:04:59.822 -> Soil: 90.0% | Temp: 32.6°C | Hum: 72.5%"
"14:05:04.813 -> Soil: 90.0% | Temp: 32.5°C | Hum: 72.4%"
"14:05:09.799 -> Soil: 90.0% | Temp: 32.5°C | Hum: 72.3%"
"14:05:14.793 -> Soil: 90.0% | Temp: 32.6°C | Hum: 72.2%"
"14:05:19.818 -> Soil: 90.0% | Temp: 32.5°C | Hum: 72.3%"
"14:05:24.810 -> Soil: 91.0% | Temp: 32.5°C | Hum: 72.2%"
"14:05:29.817 -> Soil: 90.0% | Temp: 32.6°C | Hum: 74.6%"
"14:05:34.797 -> Soil: 90.0% | Temp: 32.6°C | Hum: 75.0%"
"14:05:39.796 -> Soil: 90.0% | Temp: 32.6°C | Hum: 73.4%"
"14:05:44.825 -> Soil: 90.0% | Temp: 32.6°C | Hum: 73.1%"
"14:05:49.821 -> Soil: 90.0% | Temp: 32.6°C | Hum: 72.9%"
"14:05:54.818 -> Soil: 90.0% | Temp: 32.6°C | Hum: 72.9%"
"14:05:59.821 -> Soil: 90.0% | Temp: 32.6°C | Hum: 72.6%"
"14:06:04.802 -> Soil: 90.0% | Temp: 32.6°C | Hum: 72.2%"
"14:06:09.798 -> Soil: 90.0% | Temp: 32.6°C | Hum: 73.2%"
"14:06:14.802 -> Soil: 90.0% | Temp: 32.6°C | Hum: 72.6%"
"14:06:19.791 -> Soil: 89.0% | Temp: 32.6°C | Hum: 72.7%"
"14:06:24.786 -> Soil: 89.0% | Temp: 32.6°C | Hum: 72.6%"
"14:06:29.828 -> Soil: 90.0% | Temp: 32.6°C | Hum: 72.2%"
"14:06:34.813 -> Soil: 89.0% | Temp: 32.6°C | Hum: 72.4%"
"14:06:39.795 -> Soil: 90.0% | Temp: 32.6°C | Hum: 72.7%"
"14:06:44.791 -> Soil: 90.0% | Temp: 32.6°C | Hum: 72.8%"
"14:06:49.785 -> Soil: 89.0% | Temp: 32.6°C | Hum: 72.8%"
"14:06:54.787 -> Soil: 90.0% | Temp: 32.6°C | Hum: 73.2%"
"14:06:59.820 -> Soil: 90.0% | Temp: 32.6°C | Hum: 74.3%"
"14:07:04.820 -> Soil: 90.0% | Temp: 32.7°C | Hum: 73.9%"
"14:07:09.817 -> Soil: 90.0% | Temp: 32.6°C | Hum: 73.2%"
"14:07:14.799 -> Soil: 90.0% | Temp: 32.6°C | Hum: 73.2%"
"14:07:19.791 -> Soil: 90.0% | Temp: 32.7°C | Hum: 72.3%"
"14:07:24.795 -> Soil: 90.0% | Temp: 32.6°C | Hum: 72.6%"
"14:07:29.822 -> Soil: 90.0% | Temp: 32.6°C | Hum: 72.8%"
"14:07:34.826 -> Soil: 90.0% | Temp: 32.7°C | Hum: 72.7%"
"14:07:39.797 -> Soil: 90.0% | Temp: 32.6°C | Hum: 72.3%"
"14:07:44.819 -> Soil: 90.0% | Temp: 32.7°C | Hum: 72.2%"
"14:07:49.821 -> Soil: 90.0% | Temp: 32.7°C | Hum: 72.1%"
"14:07:54.791 -> Soil: 90.0% | Temp: 32.7°C | Hum: 72.1%"
"14:07:59.807 -> Soil: 90.0% | Temp: 32.7°C | Hum: 72.4%"
"14:08:04.792 -> Soil: 90.0% | Temp: 32.7°C | Hum: 72.5%"
"14:08:09.815 -> Soil: 89.0% | Temp: 32.7°C | Hum: 72.6%"
"14:08:14.790 -> Soil: 90.0% | Temp: 32.7°C | Hum: 72.9%"
"14:08:19.822 -> Soil: 90.0% | Temp: 32.7°C | Hum: 72.5%"
"14:08:24.801 -> Soil: 90.0% | Temp: 32.7°C | Hum: 72.6%"
"14:08:29.817 -> Soil: 90.0% | Temp: 32.7°C | Hum: 72.3%"
"14:08:34.790 -> Soil: 89.0% | Temp: 32.7°C | Hum: 72.8%"
"14:08:39.781 -> Soil: 89.0% | Temp: 32.7°C | Hum: 72.8%"
"14:08:44.806 -> Soil: 89.0% | Temp: 32.8°C | Hum: 73.3%"
"14:08:49.782 -> Soil: 90.0% | Temp: 32.8°C | Hum: 72.5%"
"14:08:54.810 -> Soil: 89.0% | Temp: 32.8°C | Hum: 73.0%"
"14:08:59.796 -> Soil: 89.0% | Temp: 32.8°C | Hum: 73.0%"
"14:09:04.787 -> Soil: 89.0% | Temp: 32.8°C | Hum: 72.9%"
"14:09:09.822 -> Soil: 89.0% | Temp: 32.8°C | Hum: 72.6%"
"14:09:14.823 -> Soil: 90.0% | Temp: 32.8°C | Hum: 72.9%"
"14:09:19.809 -> Soil: 89.0% | Temp: 32.8°C | Hum: 73.0%"
"14:09:24.791 -> Soil: 89.0% | Temp: 32.8°C | Hum: 72.8%"
"14:09:29.818 -> Soil: 90.0% | Temp: 32.8°C | Hum: 72.6%"
"14:09:34.808 -> Soil: 89.0% | Temp: 32.8°C | Hum: 72.3%"
"14:09:39.802 -> Soil: 89.0% | Temp: 32.8°C | Hum: 72.3%"
"14:09:44.806 -> Soil: 89.0% | Temp: 32.9°C | Hum: 72.8%"
"14:09:49.795 -> Soil: 89.0% | Temp: 32.9°C | Hum: 72.5%"
"14:09:54.791 -> Soil: 90.0% | Temp: 32.8°C | Hum: 73.1%"
"14:09:59.785 -> Soil: 89.0% | Temp: 32.8°C | Hum: 72.6%"
"14:10:04.785 -> Soil: 89.0% | Temp: 32.8°C | Hum: 72.6%"
"14:10:09.816 -> Soil: 90.0% | Temp: 32.9°C | Hum: 72.4%"
"14:10:14.788 -> Soil: 89.0% | Temp: 32.9°C | Hum: 72.1%"
"14:10:19.820 -> Soil: 89.0% | Temp: 32.9°C | Hum: 72.4%"
"14:10:24.809 -> Soil: 89.0% | Temp: 32.9°C | Hum: 72.8%"
"14:10:29.780 -> Soil: 90.0% | Temp: 32.9°C | Hum: 72.6%"
"14:10:34.802 -> Soil: 89.0% | Temp: 32.8°C | Hum: 72.4%"
"14:10:39.798 -> Soil: 89.0% | Temp: 32.9°C | Hum: 72.4%"
"14:10:44.814 -> Soil: 89.0% | Temp: 32.8°C | Hum: 72.0%"
"14:10:49.811 -> Soil: 89.0% | Temp: 32.9°C | Hum: 71.7%"
"14:10:54.797 -> Soil: 89.0% | Temp: 32.9°C | Hum: 71.7%"
"14:10:59.788 -> Soil: 88.0% | Temp: 32.9°C | Hum: 72.5%"
"14:11:04.824 -> Soil: 88.0% | Temp: 32.9°C | Hum: 72.6%"
"14:11:09.793 -> Soil: 88.0% | Temp: 32.9°C | Hum: 72.3%"
"14:11:14.791 -> Soil: 88.0% | Temp: 32.9°C | Hum: 72.3%"
"14:11:19.783 -> Soil: 88.0% | Temp: 32.9°C | Hum: 72.4%"
"14:11:24.807 -> Soil: 88.0% | Temp: 32.9°C | Hum: 71.7%"
"14:11:29.786 -> Soil: 89.0% | Temp: 32.9°C | Hum: 72.1%"
"14:11:34.815 -> Soil: 88.0% | Temp: 32.9°C | Hum: 71.9%"
"14:11:39.806 -> Soil: 89.0% | Temp: 32.9°C | Hum: 71.7%"
"14:11:44.800 -> Soil: 89.0% | Temp: 32.9°C | Hum: 71.7%"
"14:11:49.804 -> Soil: 89.0% | Temp: 32.9°C | Hum: 71.9%"
"14:11:54.815 -> Soil: 88.0% | Temp: 32.9°C | Hum: 71.7%"
"14:11:59.817 -> Soil: 89.0% | Temp: 32.9°C | Hum: 71.8%"
"14:12:04.814 -> Soil: 88.0% | Temp: 32.9°C | Hum: 71.5%"
"14:12:09.781 -> Soil: 88.0% | Temp: 32.9°C | Hum: 71.9%"
"14:12:14.782 -> Soil: 88.0% | Temp: 32.9°C | Hum: 72.2%"
"14:12:19.820 -> Soil: 88.0% | Temp: 32.9°C | Hum: 73.1%"
"14:12:24.786 -> Soil: 89.0% | Temp: 32.9°C | Hum: 72.5%"
"14:12:29.815 -> Soil: 88.0% | Temp: 32.9°C | Hum: 72.8%"
"14:12:34.813 -> Soil: 88.0% | Temp: 32.9°C | Hum: 72.8%"
"14:12:39.802 -> Soil: 89.0% | Temp: 32.9°C | Hum: 72.5%"
"14:12:44.788 -> Soil: 89.0% | Temp: 32.9°C | Hum: 72.1%"
"14:12:49.775 -> Soil: 89.0% | Temp: 32.9°C | Hum: 72.1%"
"14:12:54.797 -> Soil: 89.0% | Temp: 32.9°C | Hum: 72.0%"
"14:12:59.789 -> Soil: 89.0% | Temp: 32.9°C | Hum: 71.9%"
"14:13:04.817 -> Soil: 89.0% | Temp: 32.9°C | Hum: 71.6%"
"14:13:09.792 -> Soil: 88.0% | Temp: 32.9°C | Hum: 71.5%"
"14:13:14.783 -> Soil: 89.0% | Temp: 32.9°C | Hum: 71.5%"
"14:13:19.777 -> Soil: 89.0% | Temp: 32.9°C | Hum: 71.7%"
"14:13:24.777 -> Soil: 88.0% | Temp: 32.9°C | Hum: 71.5%"
"14:13:29.800 -> Soil: 89.0% | Temp: 32.9°C | Hum: 71.5%"
"14:13:34.795 -> Soil: 89.0% | Temp: 33.0°C | Hum: 71.8%"
"14:13:39.809 -> Soil: 89.0% | Temp: 32.9°C | Hum: 71.8%"
"14:13:44.807 -> Soil: 89.0% | Temp: 32.9°C | Hum: 72.0%"
"14:13:49.789 -> Soil: 89.0% | Temp: 32.9°C | Hum: 72.1%"
"14:13:54.784 -> Soil: 89.0% | Temp: 32.9°C | Hum: 71.9%"
"14:13:59.799 -> Soil: 89.0% | Temp: 32.9°C | Hum: 71.9%"
"14:14:04.788 -> Soil: 88.0% | Temp: 32.9°C | Hum: 72.4%"
"14:14:09.789 -> Soil: 88.0% | Temp: 33.0°C | Hum: 71.9%"
"14:14:14.816 -> Soil: 88.0% | Temp: 33.0°C | Hum: 72.3%"
"14:14:19.802 -> Soil: 89.0% | Temp: 33.0°C | Hum: 71.8%"
"14:14:24.790 -> Soil: 88.0% | Temp: 33.0°C | Hum: 71.8%"
"14:14:29.781 -> Soil: 89.0% | Temp: 33.0°C | Hum: 71.9%"
"14:14:34.785 -> Soil: 88.0% | Temp: 33.0°C | Hum: 71.9%"
"14:14:39.780 -> Soil: 88.0% | Temp: 33.0°C | Hum: 71.8%"
"14:14:44.790 -> Soil: 88.0% | Temp: 32.9°C | Hum: 71.8%"
"14:14:49.773 -> Soil: 89.0% | Temp: 33.0°C | Hum: 71.7%"
"14:14:54.801 -> Soil: 89.0% | Temp: 33.0°C | Hum: 72.2%"
"14:14:59.801 -> Soil: 89.0% | Temp: 33.0°C | Hum: 72.3%"
"14:15:04.799 -> Soil: 89.0% | Temp: 33.0°C | Hum: 72.0%"
"14:15:09.793 -> Soil: 89.0% | Temp: 32.9°C | Hum: 72.2%"
"14:15:14.789 -> Soil: 88.0% | Temp: 33.0°C | Hum: 72.4%"
"14:15:19.787 -> Soil: 89.0% | Temp: 33.0°C | Hum: 72.9%"
"14:15:24.786 -> Soil: 88.0% | Temp: 33.0°C | Hum: 72.8%"
"14:15:29.778 -> Soil: 88.0% | Temp: 33.0°C | Hum: 72.6%"
"14:15:34.774 -> Soil: 88.0% | Temp: 33.0°C | Hum: 72.4%"
"14:15:39.794 -> Soil: 89.0% | Temp: 33.0°C | Hum: 71.9%"
"14:15:44.797 -> Soil: 89.0% | Temp: 33.0°C | Hum: 71.6%"
""
